2026-06-29 23:05:55,555:WARNING:
'cuml' is a soft dependency and not included in the pycaret installation. Please run: `pip install cuml` to install.
2026-06-29 23:05:55,555:WARNING:
'cuml' is a soft dependency and not included in the pycaret installation. Please run: `pip install cuml` to install.
2026-06-29 23:05:55,555:WARNING:
'cuml' is a soft dependency and not included in the pycaret installation. Please run: `pip install cuml` to install.
2026-06-29 23:05:55,555:WARNING:
'cuml' is a soft dependency and not included in the pycaret installation. Please run: `pip install cuml` to install.
2026-06-29 23:05:55,761:INFO:PyCaret RegressionExperiment
2026-06-29 23:05:55,761:INFO:Logging name: reg-default-name
2026-06-29 23:05:55,761:INFO:ML Usecase: MLUsecase.REGRESSION
2026-06-29 23:05:55,762:INFO:version 3.3.2
2026-06-29 23:05:55,762:INFO:Initializing setup()
2026-06-29 23:05:55,762:INFO:self.USI: a608
2026-06-29 23:05:55,762:INFO:self._variable_keys: {'data', 'pipeline', 'memory', 'target_param', 'X_test', 'y_test', 'fold_generator', 'exp_name_log', '_ml_usecase', 'gpu_param', 'idx', 'exp_id', 'logging_param', 'y_train', 'X_train', 'log_plots_param', 'USI', 'transform_target_param', 'y', 'fold_groups_param', 'seed', '_available_plots', 'html_param', 'n_jobs_param', 'gpu_n_jobs_param', 'fold_shuffle_param', 'X'}
2026-06-29 23:05:55,762:INFO:Checking environment
2026-06-29 23:05:55,762:INFO:python_version: 3.10.18
2026-06-29 23:05:55,762:INFO:python_build: ('main', 'Jun  5 2025 08:13:51')
2026-06-29 23:05:55,762:INFO:machine: x86_64
2026-06-29 23:05:55,762:INFO:platform: macOS-10.16-x86_64-i386-64bit
2026-06-29 23:05:55,762:INFO:Memory: svmem(total=17179869184, available=6162296832, percent=64.1, used=10215018496, free=17309696, active=6148169728, inactive=6109663232, wired=4066848768)
2026-06-29 23:05:55,762:INFO:Physical Core: 6
2026-06-29 23:05:55,762:INFO:Logical Core: 12
2026-06-29 23:05:55,762:INFO:Checking libraries
2026-06-29 23:05:55,762:INFO:System:
2026-06-29 23:05:55,762:INFO:    python: 3.10.18 (main, Jun  5 2025, 08:13:51) [Clang 14.0.6 ]
2026-06-29 23:05:55,762:INFO:executable: /Users/enrique/miniconda3/envs/regresion_env/bin/python3.10
2026-06-29 23:05:55,762:INFO:   machine: macOS-10.16-x86_64-i386-64bit
2026-06-29 23:05:55,762:INFO:PyCaret required dependencies:
2026-06-29 23:05:55,929:INFO:                 pip: 26.1.2
2026-06-29 23:05:55,929:INFO:          setuptools: 78.1.1
2026-06-29 23:05:55,929:INFO:             pycaret: 3.3.2
2026-06-29 23:05:55,929:INFO:             IPython: 8.39.0
2026-06-29 23:05:55,929:INFO:          ipywidgets: 8.1.8
2026-06-29 23:05:55,929:INFO:                tqdm: 4.68.3
2026-06-29 23:05:55,929:INFO:               numpy: 1.26.4
2026-06-29 23:05:55,929:INFO:              pandas: 2.1.4
2026-06-29 23:05:55,929:INFO:              jinja2: 3.1.6
2026-06-29 23:05:55,929:INFO:               scipy: 1.11.4
2026-06-29 23:05:55,929:INFO:              joblib: 1.3.2
2026-06-29 23:05:55,929:INFO:             sklearn: 1.4.2
2026-06-29 23:05:55,929:INFO:                pyod: 3.4.0
2026-06-29 23:05:55,929:INFO:            imblearn: 0.14.2
2026-06-29 23:05:55,929:INFO:   category_encoders: 2.7.0
2026-06-29 23:05:55,929:INFO:            lightgbm: 4.6.0
2026-06-29 23:05:55,930:INFO:               numba: 0.61.0
2026-06-29 23:05:55,930:INFO:            requests: 2.34.2
2026-06-29 23:05:55,930:INFO:          matplotlib: 3.7.5
2026-06-29 23:05:55,930:INFO:          scikitplot: 0.3.7
2026-06-29 23:05:55,930:INFO:         yellowbrick: 1.5
2026-06-29 23:05:55,930:INFO:              plotly: 6.8.0
2026-06-29 23:05:55,930:INFO:    plotly-resampler: Not installed
2026-06-29 23:05:55,930:INFO:             kaleido: 1.3.0
2026-06-29 23:05:55,930:INFO:           schemdraw: 0.15
2026-06-29 23:05:55,930:INFO:         statsmodels: 0.14.6
2026-06-29 23:05:55,930:INFO:              sktime: 0.26.0
2026-06-29 23:05:55,930:INFO:               tbats: 1.1.3
2026-06-29 23:05:55,930:INFO:            pmdarima: 2.0.4
2026-06-29 23:05:55,930:INFO:              psutil: 7.2.2
2026-06-29 23:05:55,930:INFO:          markupsafe: 3.0.3
2026-06-29 23:05:55,930:INFO:             pickle5: Not installed
2026-06-29 23:05:55,930:INFO:         cloudpickle: 3.1.2
2026-06-29 23:05:55,930:INFO:         deprecation: 2.1.0
2026-06-29 23:05:55,930:INFO:              xxhash: 3.8.0
2026-06-29 23:05:55,931:INFO:           wurlitzer: 3.1.1
2026-06-29 23:05:55,931:INFO:PyCaret optional dependencies:
2026-06-29 23:05:55,983:INFO:                shap: Not installed
2026-06-29 23:05:55,983:INFO:           interpret: Not installed
2026-06-29 23:05:55,983:INFO:                umap: Not installed
2026-06-29 23:05:55,983:INFO:     ydata_profiling: Not installed
2026-06-29 23:05:55,983:INFO:  explainerdashboard: Not installed
2026-06-29 23:05:55,984:INFO:             autoviz: Not installed
2026-06-29 23:05:55,984:INFO:           fairlearn: Not installed
2026-06-29 23:05:55,984:INFO:          deepchecks: Not installed
2026-06-29 23:05:55,984:INFO:             xgboost: Not installed
2026-06-29 23:05:55,984:INFO:            catboost: Not installed
2026-06-29 23:05:55,984:INFO:              kmodes: Not installed
2026-06-29 23:05:55,984:INFO:             mlxtend: Not installed
2026-06-29 23:05:55,984:INFO:       statsforecast: Not installed
2026-06-29 23:05:55,984:INFO:        tune_sklearn: Not installed
2026-06-29 23:05:55,984:INFO:                 ray: Not installed
2026-06-29 23:05:55,984:INFO:            hyperopt: Not installed
2026-06-29 23:05:55,984:INFO:              optuna: Not installed
2026-06-29 23:05:55,984:INFO:               skopt: Not installed
2026-06-29 23:05:55,984:INFO:              mlflow: Not installed
2026-06-29 23:05:55,984:INFO:              gradio: Not installed
2026-06-29 23:05:55,984:INFO:             fastapi: Not installed
2026-06-29 23:05:55,984:INFO:             uvicorn: 0.49.0
2026-06-29 23:05:55,984:INFO:              m2cgen: Not installed
2026-06-29 23:05:55,984:INFO:           evidently: Not installed
2026-06-29 23:05:55,984:INFO:               fugue: Not installed
2026-06-29 23:05:55,984:INFO:           streamlit: Not installed
2026-06-29 23:05:55,984:INFO:             prophet: Not installed
2026-06-29 23:05:55,984:INFO:None
2026-06-29 23:05:55,984:INFO:Set up data.
2026-06-29 23:05:56,022:INFO:Set up folding strategy.
2026-06-29 23:05:56,022:INFO:Set up train/test split.
2026-06-29 23:05:56,067:INFO:Set up index.
2026-06-29 23:05:56,067:INFO:Assigning column types.
2026-06-29 23:05:56,082:INFO:Engine successfully changes for model 'lr' to 'sklearn'.
2026-06-29 23:05:56,082:INFO:Engine for model 'lasso' has not been set explicitly, hence returning None.
2026-06-29 23:05:56,087:INFO:Engine for model 'ridge' has not been set explicitly, hence returning None.
2026-06-29 23:05:56,093:INFO:Engine for model 'en' has not been set explicitly, hence returning None.
2026-06-29 23:05:56,168:INFO:Engine for model 'svm' has not been set explicitly, hence returning None.
2026-06-29 23:05:56,214:INFO:Engine for model 'knn' has not been set explicitly, hence returning None.
2026-06-29 23:05:56,215:WARNING:
'xgboost' is a soft dependency and not included in the pycaret installation. Please run: `pip install xgboost` to install.
Alternately, you can install this by running `pip install pycaret[models]`
2026-06-29 23:05:56,215:WARNING:
'catboost' is a soft dependency and not included in the pycaret installation. Please run: `pip install catboost` to install.
Alternately, you can install this by running `pip install pycaret[models]`
2026-06-29 23:05:56,215:INFO:Engine for model 'lasso' has not been set explicitly, hence returning None.
2026-06-29 23:05:56,220:INFO:Engine for model 'ridge' has not been set explicitly, hence returning None.
2026-06-29 23:05:56,225:INFO:Engine for model 'en' has not been set explicitly, hence returning None.
2026-06-29 23:05:56,292:INFO:Engine for model 'svm' has not been set explicitly, hence returning None.
2026-06-29 23:05:56,340:INFO:Engine for model 'knn' has not been set explicitly, hence returning None.
2026-06-29 23:05:56,340:WARNING:
'xgboost' is a soft dependency and not included in the pycaret installation. Please run: `pip install xgboost` to install.
Alternately, you can install this by running `pip install pycaret[models]`
2026-06-29 23:05:56,341:WARNING:
'catboost' is a soft dependency and not included in the pycaret installation. Please run: `pip install catboost` to install.
Alternately, you can install this by running `pip install pycaret[models]`
2026-06-29 23:05:56,341:INFO:Engine successfully changes for model 'lasso' to 'sklearn'.
2026-06-29 23:05:56,346:INFO:Engine for model 'ridge' has not been set explicitly, hence returning None.
2026-06-29 23:05:56,350:INFO:Engine for model 'en' has not been set explicitly, hence returning None.
2026-06-29 23:05:56,416:INFO:Engine for model 'svm' has not been set explicitly, hence returning None.
2026-06-29 23:05:56,462:INFO:Engine for model 'knn' has not been set explicitly, hence returning None.
2026-06-29 23:05:56,463:WARNING:
'xgboost' is a soft dependency and not included in the pycaret installation. Please run: `pip install xgboost` to install.
Alternately, you can install this by running `pip install pycaret[models]`
2026-06-29 23:05:56,463:WARNING:
'catboost' is a soft dependency and not included in the pycaret installation. Please run: `pip install catboost` to install.
Alternately, you can install this by running `pip install pycaret[models]`
2026-06-29 23:05:56,467:INFO:Engine for model 'ridge' has not been set explicitly, hence returning None.
2026-06-29 23:05:56,471:INFO:Engine for model 'en' has not been set explicitly, hence returning None.
2026-06-29 23:05:56,531:INFO:Engine for model 'svm' has not been set explicitly, hence returning None.
2026-06-29 23:05:56,571:INFO:Engine for model 'knn' has not been set explicitly, hence returning None.
2026-06-29 23:05:56,571:WARNING:
'xgboost' is a soft dependency and not included in the pycaret installation. Please run: `pip install xgboost` to install.
Alternately, you can install this by running `pip install pycaret[models]`
2026-06-29 23:05:56,572:WARNING:
'catboost' is a soft dependency and not included in the pycaret installation. Please run: `pip install catboost` to install.
Alternately, you can install this by running `pip install pycaret[models]`
2026-06-29 23:05:56,572:INFO:Engine successfully changes for model 'ridge' to 'sklearn'.
2026-06-29 23:05:56,580:INFO:Engine for model 'en' has not been set explicitly, hence returning None.
2026-06-29 23:05:56,644:INFO:Engine for model 'svm' has not been set explicitly, hence returning None.
2026-06-29 23:05:56,694:INFO:Engine for model 'knn' has not been set explicitly, hence returning None.
2026-06-29 23:05:56,694:WARNING:
'xgboost' is a soft dependency and not included in the pycaret installation. Please run: `pip install xgboost` to install.
Alternately, you can install this by running `pip install pycaret[models]`
2026-06-29 23:05:56,695:WARNING:
'catboost' is a soft dependency and not included in the pycaret installation. Please run: `pip install catboost` to install.
Alternately, you can install this by running `pip install pycaret[models]`
2026-06-29 23:05:56,704:INFO:Engine for model 'en' has not been set explicitly, hence returning None.
2026-06-29 23:05:56,775:INFO:Engine for model 'svm' has not been set explicitly, hence returning None.
2026-06-29 23:05:56,823:INFO:Engine for model 'knn' has not been set explicitly, hence returning None.
2026-06-29 23:05:56,824:WARNING:
'xgboost' is a soft dependency and not included in the pycaret installation. Please run: `pip install xgboost` to install.
Alternately, you can install this by running `pip install pycaret[models]`
2026-06-29 23:05:56,824:WARNING:
'catboost' is a soft dependency and not included in the pycaret installation. Please run: `pip install catboost` to install.
Alternately, you can install this by running `pip install pycaret[models]`
2026-06-29 23:05:56,824:INFO:Engine successfully changes for model 'en' to 'sklearn'.
2026-06-29 23:05:56,904:INFO:Engine for model 'svm' has not been set explicitly, hence returning None.
2026-06-29 23:05:56,946:INFO:Engine for model 'knn' has not been set explicitly, hence returning None.
2026-06-29 23:05:56,946:WARNING:
'xgboost' is a soft dependency and not included in the pycaret installation. Please run: `pip install xgboost` to install.
Alternately, you can install this by running `pip install pycaret[models]`
2026-06-29 23:05:56,947:WARNING:
'catboost' is a soft dependency and not included in the pycaret installation. Please run: `pip install catboost` to install.
Alternately, you can install this by running `pip install pycaret[models]`
2026-06-29 23:05:57,014:INFO:Engine for model 'svm' has not been set explicitly, hence returning None.
2026-06-29 23:05:57,053:INFO:Engine for model 'knn' has not been set explicitly, hence returning None.
2026-06-29 23:05:57,054:WARNING:
'xgboost' is a soft dependency and not included in the pycaret installation. Please run: `pip install xgboost` to install.
Alternately, you can install this by running `pip install pycaret[models]`
2026-06-29 23:05:57,054:WARNING:
'catboost' is a soft dependency and not included in the pycaret installation. Please run: `pip install catboost` to install.
Alternately, you can install this by running `pip install pycaret[models]`
2026-06-29 23:05:57,054:INFO:Engine successfully changes for model 'knn' to 'sklearn'.
2026-06-29 23:05:57,120:INFO:Engine for model 'svm' has not been set explicitly, hence returning None.
2026-06-29 23:05:57,160:WARNING:
'xgboost' is a soft dependency and not included in the pycaret installation. Please run: `pip install xgboost` to install.
Alternately, you can install this by running `pip install pycaret[models]`
2026-06-29 23:05:57,160:WARNING:
'catboost' is a soft dependency and not included in the pycaret installation. Please run: `pip install catboost` to install.
Alternately, you can install this by running `pip install pycaret[models]`
2026-06-29 23:05:57,226:INFO:Engine for model 'svm' has not been set explicitly, hence returning None.
2026-06-29 23:05:57,288:WARNING:
'xgboost' is a soft dependency and not included in the pycaret installation. Please run: `pip install xgboost` to install.
Alternately, you can install this by running `pip install pycaret[models]`
2026-06-29 23:05:57,288:WARNING:
'catboost' is a soft dependency and not included in the pycaret installation. Please run: `pip install catboost` to install.
Alternately, you can install this by running `pip install pycaret[models]`
2026-06-29 23:05:57,288:INFO:Engine successfully changes for model 'svm' to 'sklearn'.
2026-06-29 23:05:57,393:WARNING:
'xgboost' is a soft dependency and not included in the pycaret installation. Please run: `pip install xgboost` to install.
Alternately, you can install this by running `pip install pycaret[models]`
2026-06-29 23:05:57,394:WARNING:
'catboost' is a soft dependency and not included in the pycaret installation. Please run: `pip install catboost` to install.
Alternately, you can install this by running `pip install pycaret[models]`
2026-06-29 23:05:57,504:WARNING:
'xgboost' is a soft dependency and not included in the pycaret installation. Please run: `pip install xgboost` to install.
Alternately, you can install this by running `pip install pycaret[models]`
2026-06-29 23:05:57,504:WARNING:
'catboost' is a soft dependency and not included in the pycaret installation. Please run: `pip install catboost` to install.
Alternately, you can install this by running `pip install pycaret[models]`
2026-06-29 23:05:57,507:INFO:Preparing preprocessing pipeline...
2026-06-29 23:05:57,507:INFO:Set up simple imputation.
2026-06-29 23:05:57,522:INFO:Set up encoding of ordinal features.
2026-06-29 23:05:57,533:INFO:Set up encoding of categorical features.
2026-06-29 23:05:57,533:INFO:Set up removing multicollinearity.
2026-06-29 23:05:57,533:INFO:Set up feature normalization.
2026-06-29 23:05:58,923:INFO:Finished creating preprocessing pipeline.
2026-06-29 23:05:58,966:INFO:Pipeline: Pipeline(memory=FastMemory(location=/var/folders/tj/jgnx95wx5n30hb54_s333khc0000gn/T/joblib),
         steps=[('numerical_imputer',
                 TransformerWrapper(include=['MSSubClass', 'LotFrontage',
                                             'LotArea', 'OverallQual',
                                             'OverallCond', 'YearBuilt',
                                             'YearRemodAdd', 'MasVnrArea',
                                             'BsmtFinSF1', 'BsmtFinSF2',
                                             'BsmtUnfSF', 'TotalBsmtSF',
                                             '1stFlrSF', '2ndFlrSF',
                                             'LowQualFinSF', 'GrLivA...
                                                                    'BsmtCond',
                                                                    'BsmtExposure',
                                                                    'BsmtFinType1',
                                                                    'BsmtFinType2',
                                                                    'Heating',
                                                                    'HeatingQC',
                                                                    'Electrical',
                                                                    'KitchenQual',
                                                                    'Functional',
                                                                    'FireplaceQu', ...],
                                                              handle_missing='return_nan',
                                                              use_cat_names=True))),
                ('remove_multicollinearity',
                 TransformerWrapper(exclude=[],
                                    transformer=RemoveMulticollinearity(threshold=0.9))),
                ('normalize', TransformerWrapper(transformer=RobustScaler()))])
2026-06-29 23:05:58,966:INFO:Creating final display dataframe.
2026-06-29 23:06:00,453:INFO:Setup _display_container:                     Description             Value
0                    Session id                42
1                        Target         SalePrice
2                   Target type        Regression
3           Original data shape        (1460, 85)
4        Transformed data shape       (1460, 284)
5   Transformed train set shape       (1021, 284)
6    Transformed test set shape        (439, 284)
7              Numeric features                41
8          Categorical features                43
9                    Preprocess              True
10              Imputation type            simple
11           Numeric imputation              mean
12       Categorical imputation              mode
13     Maximum one-hot encoding                25
14              Encoding method              None
15     Remove multicollinearity              True
16  Multicollinearity threshold              0.90
17                    Normalize              True
18             Normalize method            robust
19               Fold Generator             KFold
20                  Fold Number                10
21                     CPU Jobs                -1
22                      Use GPU             False
23               Log Experiment             False
24              Experiment Name  reg-default-name
25                          USI              a608
2026-06-29 23:06:00,577:WARNING:
'xgboost' is a soft dependency and not included in the pycaret installation. Please run: `pip install xgboost` to install.
Alternately, you can install this by running `pip install pycaret[models]`
2026-06-29 23:06:00,578:WARNING:
'catboost' is a soft dependency and not included in the pycaret installation. Please run: `pip install catboost` to install.
Alternately, you can install this by running `pip install pycaret[models]`
2026-06-29 23:06:00,696:WARNING:
'xgboost' is a soft dependency and not included in the pycaret installation. Please run: `pip install xgboost` to install.
Alternately, you can install this by running `pip install pycaret[models]`
2026-06-29 23:06:00,696:WARNING:
'catboost' is a soft dependency and not included in the pycaret installation. Please run: `pip install catboost` to install.
Alternately, you can install this by running `pip install pycaret[models]`
2026-06-29 23:06:00,697:INFO:setup() successfully completed in 4.94s...............
2026-06-29 23:06:00,697:INFO:Initializing get_config()
2026-06-29 23:06:00,697:INFO:get_config(self=<pycaret.regression.oop.RegressionExperiment object at 0x138baedd0>, variable=X_train_transformed)
2026-06-29 23:06:00,836:INFO:Variable: X_train returned as       MSSubClass  MSZoning_RM  MSZoning_FV  MSZoning_RL  MSZoning_C (all)  \
1452        2.60         1.00         0.00        -1.00              0.00   
762         0.20         0.00         1.00        -1.00              0.00   
932        -0.60         0.00         0.00         0.00              0.00   
435         0.20         0.00         0.00         0.00              0.00   
629         0.60         0.00         0.00         0.00              0.00   
...          ...          ...          ...          ...               ...   
1095       -0.60         0.00         0.00         0.00              0.00   
1130        0.00         0.00         0.00         0.00              0.00   
1294       -0.60         0.00         0.00         0.00              0.00   
860         0.00         0.00         0.00         0.00              0.00   
1126        1.40         0.00         0.00         0.00              0.00   

      MSZoning_RH  LotFrontage  LotArea  Street  Alley_NoFeature  ...  \
1452         0.00        -1.75    -1.43    0.00             0.00  ...   
762          0.00         0.10    -0.23    0.00             0.00  ...   
932          0.00         0.70     0.50    0.00             0.00  ...   
435          0.00        -1.35     0.26    0.00             0.00  ...   
629          0.00         0.60    -0.14    0.00             0.00  ...   
...           ...          ...      ...     ...              ...  ...   
1095         0.00         0.40    -0.07    0.00             0.00  ...   
1130         0.00        -0.25    -0.43    0.00             0.00  ...   
1294         0.00        -0.50    -0.34    0.00             0.00  ...   
860          0.00        -0.75    -0.47    0.00             0.00  ...   
1126         0.00        -0.85    -1.43    0.00             0.00  ...   

      SaleCondition_Normal  SaleCondition_Partial  SaleCondition_Abnorml  \
1452                  0.00                   0.00                   0.00   
762                   0.00                   0.00                   0.00   
932                   0.00                   0.00                   0.00   
435                   0.00                   0.00                   0.00   
629                   0.00                   0.00                   0.00   
...                    ...                    ...                    ...   
1095                  0.00                   0.00                   0.00   
1130                  0.00                   0.00                   0.00   
1294                  0.00                   0.00                   0.00   
860                   0.00                   0.00                   0.00   
1126                  0.00                   0.00                   0.00   

      SaleCondition_Family  SaleCondition_AdjLand  SaleCondition_Alloca  \
1452                  0.00                   0.00                  0.00   
762                   0.00                   0.00                  0.00   
932                   0.00                   0.00                  0.00   
435                   0.00                   0.00                  0.00   
629                   0.00                   0.00                  0.00   
...                    ...                    ...                   ...   
1095                  0.00                   0.00                  0.00   
1130                  0.00                   0.00                  0.00   
1294                  0.00                   0.00                  0.00   
860                   0.00                   0.00                  0.00   
1126                  0.00                   0.00                  0.00   

      HouseAge  RemodAge  TotalSF  TotalBath  
1452     -0.71     -0.34    -0.86       0.00  
762      -0.71     -0.34    -0.19       1.00  
932      -0.71     -0.34     1.30       0.00  
435      -0.46     -0.03    -0.03       3.00  
629       0.19      0.79     0.10       1.00  
...        ...       ...      ...        ...  
1095     -0.71     -0.34     0.13       0.00  
1130      0.96      1.18     0.60       2.00  
1294      0.33      0.05    -0.76       0.00  
860       1.12     -0.13    -0.15      -1.00  
1126     -0.69     -0.32     0.43       0.00  

[1021 rows x 283 columns]
2026-06-29 23:06:00,836:INFO:get_config() successfully completed......................................
2026-06-29 23:06:00,841:INFO:Initializing compare_models()
2026-06-29 23:06:00,842:INFO:compare_models(self=<pycaret.regression.oop.RegressionExperiment object at 0x138baedd0>, include=None, fold=None, round=4, cross_validation=True, sort=R2, n_select=3, budget_time=None, turbo=True, errors=ignore, fit_kwargs=None, groups=None, experiment_custom_tags=None, probability_threshold=None, verbose=True, parallel=None, caller_params={'self': <pycaret.regression.oop.RegressionExperiment object at 0x138baedd0>, 'include': None, 'exclude': None, 'fold': None, 'round': 4, 'cross_validation': True, 'sort': 'R2', 'n_select': 3, 'budget_time': None, 'turbo': True, 'errors': 'ignore', 'fit_kwargs': None, 'groups': None, 'experiment_custom_tags': None, 'engine': None, 'verbose': True, 'parallel': None, '__class__': <class 'pycaret.regression.oop.RegressionExperiment'>}, exclude=None)
2026-06-29 23:06:00,842:INFO:Checking exceptions
2026-06-29 23:06:00,865:INFO:Preparing display monitor
2026-06-29 23:06:00,929:INFO:Initializing Linear Regression
2026-06-29 23:06:00,943:INFO:Total runtime is 0.0002298156420389811 minutes
2026-06-29 23:06:00,950:INFO:SubProcess create_model() called ==================================
2026-06-29 23:06:00,965:INFO:Initializing create_model()
2026-06-29 23:06:00,965:INFO:create_model(self=<pycaret.regression.oop.RegressionExperiment object at 0x138baedd0>, estimator=lr, fold=KFold(n_splits=10, random_state=None, shuffle=False), round=4, cross_validation=True, predict=True, fit_kwargs={}, groups=None, refit=False, probability_threshold=None, experiment_custom_tags=None, verbose=False, system=False, add_to_model_list=True, metrics=None, display=<pycaret.internal.display.display.CommonDisplay object at 0x138d40250>, model_only=True, return_train_score=False, error_score=0.0, kwargs={})
2026-06-29 23:06:00,965:INFO:Checking exceptions
2026-06-29 23:06:00,985:INFO:Importing libraries
2026-06-29 23:06:00,985:INFO:Copying training dataset
2026-06-29 23:06:01,005:INFO:Defining folds
2026-06-29 23:06:01,005:INFO:Declaring metric variables
2026-06-29 23:06:01,009:INFO:Importing untrained model
2026-06-29 23:06:01,012:INFO:Linear Regression Imported successfully
2026-06-29 23:06:01,019:INFO:Starting cross validation
2026-06-29 23:06:01,038:INFO:Cross validating with KFold(n_splits=10, random_state=None, shuffle=False), n_jobs=-1
2026-06-29 23:06:10,179:WARNING:/Users/enrique/miniconda3/envs/regresion_env/lib/python3.10/site-packages/_distutils_hack/__init__.py:30: UserWarning: Setuptools is replacing distutils. Support for replacing an already imported distutils is deprecated. In the future, this condition will fail. Register concerns at https://github.com/pypa/setuptools/issues/new?template=distutils-deprecation.yml
  warnings.warn(

2026-06-29 23:06:10,179:WARNING:/Users/enrique/miniconda3/envs/regresion_env/lib/python3.10/site-packages/_distutils_hack/__init__.py:30: UserWarning: Setuptools is replacing distutils. Support for replacing an already imported distutils is deprecated. In the future, this condition will fail. Register concerns at https://github.com/pypa/setuptools/issues/new?template=distutils-deprecation.yml
  warnings.warn(

2026-06-29 23:06:10,179:WARNING:/Users/enrique/miniconda3/envs/regresion_env/lib/python3.10/site-packages/_distutils_hack/__init__.py:30: UserWarning: Setuptools is replacing distutils. Support for replacing an already imported distutils is deprecated. In the future, this condition will fail. Register concerns at https://github.com/pypa/setuptools/issues/new?template=distutils-deprecation.yml
  warnings.warn(

2026-06-29 23:06:10,179:WARNING:/Users/enrique/miniconda3/envs/regresion_env/lib/python3.10/site-packages/_distutils_hack/__init__.py:30: UserWarning: Setuptools is replacing distutils. Support for replacing an already imported distutils is deprecated. In the future, this condition will fail. Register concerns at https://github.com/pypa/setuptools/issues/new?template=distutils-deprecation.yml
  warnings.warn(

2026-06-29 23:06:10,179:WARNING:/Users/enrique/miniconda3/envs/regresion_env/lib/python3.10/site-packages/_distutils_hack/__init__.py:30: UserWarning: Setuptools is replacing distutils. Support for replacing an already imported distutils is deprecated. In the future, this condition will fail. Register concerns at https://github.com/pypa/setuptools/issues/new?template=distutils-deprecation.yml
  warnings.warn(

2026-06-29 23:06:10,179:WARNING:/Users/enrique/miniconda3/envs/regresion_env/lib/python3.10/site-packages/_distutils_hack/__init__.py:30: UserWarning: Setuptools is replacing distutils. Support for replacing an already imported distutils is deprecated. In the future, this condition will fail. Register concerns at https://github.com/pypa/setuptools/issues/new?template=distutils-deprecation.yml
  warnings.warn(

2026-06-29 23:06:10,179:WARNING:/Users/enrique/miniconda3/envs/regresion_env/lib/python3.10/site-packages/_distutils_hack/__init__.py:30: UserWarning: Setuptools is replacing distutils. Support for replacing an already imported distutils is deprecated. In the future, this condition will fail. Register concerns at https://github.com/pypa/setuptools/issues/new?template=distutils-deprecation.yml
  warnings.warn(

2026-06-29 23:06:10,179:WARNING:/Users/enrique/miniconda3/envs/regresion_env/lib/python3.10/site-packages/_distutils_hack/__init__.py:30: UserWarning: Setuptools is replacing distutils. Support for replacing an already imported distutils is deprecated. In the future, this condition will fail. Register concerns at https://github.com/pypa/setuptools/issues/new?template=distutils-deprecation.yml
  warnings.warn(

2026-06-29 23:06:10,179:WARNING:/Users/enrique/miniconda3/envs/regresion_env/lib/python3.10/site-packages/_distutils_hack/__init__.py:30: UserWarning: Setuptools is replacing distutils. Support for replacing an already imported distutils is deprecated. In the future, this condition will fail. Register concerns at https://github.com/pypa/setuptools/issues/new?template=distutils-deprecation.yml
  warnings.warn(

2026-06-29 23:06:10,179:WARNING:/Users/enrique/miniconda3/envs/regresion_env/lib/python3.10/site-packages/_distutils_hack/__init__.py:30: UserWarning: Setuptools is replacing distutils. Support for replacing an already imported distutils is deprecated. In the future, this condition will fail. Register concerns at https://github.com/pypa/setuptools/issues/new?template=distutils-deprecation.yml
  warnings.warn(

2026-06-29 23:06:13,191:INFO:Calculating mean and std
2026-06-29 23:06:13,199:INFO:Creating metrics dataframe
2026-06-29 23:06:13,219:INFO:Uploading results into container
2026-06-29 23:06:13,221:INFO:Uploading model into container now
2026-06-29 23:06:13,225:INFO:_master_model_container: 1
2026-06-29 23:06:13,225:INFO:_display_container: 2
2026-06-29 23:06:13,227:INFO:LinearRegression(n_jobs=-1)
2026-06-29 23:06:13,229:INFO:create_model() successfully completed......................................
2026-06-29 23:06:13,451:INFO:SubProcess create_model() end ==================================
2026-06-29 23:06:13,451:INFO:Creating metrics dataframe
2026-06-29 23:06:13,463:INFO:Initializing Lasso Regression
2026-06-29 23:06:13,464:INFO:Total runtime is 0.20890583594640094 minutes
2026-06-29 23:06:13,470:INFO:SubProcess create_model() called ==================================
2026-06-29 23:06:13,471:INFO:Initializing create_model()
2026-06-29 23:06:13,471:INFO:create_model(self=<pycaret.regression.oop.RegressionExperiment object at 0x138baedd0>, estimator=lasso, fold=KFold(n_splits=10, random_state=None, shuffle=False), round=4, cross_validation=True, predict=True, fit_kwargs={}, groups=None, refit=False, probability_threshold=None, experiment_custom_tags=None, verbose=False, system=False, add_to_model_list=True, metrics=None, display=<pycaret.internal.display.display.CommonDisplay object at 0x138d40250>, model_only=True, return_train_score=False, error_score=0.0, kwargs={})
2026-06-29 23:06:13,472:INFO:Checking exceptions
2026-06-29 23:06:13,472:INFO:Importing libraries
2026-06-29 23:06:13,472:INFO:Copying training dataset
2026-06-29 23:06:13,509:INFO:Defining folds
2026-06-29 23:06:13,509:INFO:Declaring metric variables
2026-06-29 23:06:13,515:INFO:Importing untrained model
2026-06-29 23:06:13,521:INFO:Lasso Regression Imported successfully
2026-06-29 23:06:13,534:INFO:Starting cross validation
2026-06-29 23:06:13,556:INFO:Cross validating with KFold(n_splits=10, random_state=None, shuffle=False), n_jobs=-1
2026-06-29 23:06:19,029:WARNING:/Users/enrique/miniconda3/envs/regresion_env/lib/python3.10/site-packages/_distutils_hack/__init__.py:30: UserWarning: Setuptools is replacing distutils. Support for replacing an already imported distutils is deprecated. In the future, this condition will fail. Register concerns at https://github.com/pypa/setuptools/issues/new?template=distutils-deprecation.yml
  warnings.warn(

2026-06-29 23:06:19,067:WARNING:/Users/enrique/miniconda3/envs/regresion_env/lib/python3.10/site-packages/_distutils_hack/__init__.py:30: UserWarning: Setuptools is replacing distutils. Support for replacing an already imported distutils is deprecated. In the future, this condition will fail. Register concerns at https://github.com/pypa/setuptools/issues/new?template=distutils-deprecation.yml
  warnings.warn(

2026-06-29 23:06:20,643:INFO:Calculating mean and std
2026-06-29 23:06:20,644:INFO:Creating metrics dataframe
2026-06-29 23:06:20,646:INFO:Uploading results into container
2026-06-29 23:06:20,647:INFO:Uploading model into container now
2026-06-29 23:06:20,648:INFO:_master_model_container: 2
2026-06-29 23:06:20,648:INFO:_display_container: 2
2026-06-29 23:06:20,648:INFO:Lasso(random_state=42)
2026-06-29 23:06:20,648:INFO:create_model() successfully completed......................................
2026-06-29 23:06:20,734:INFO:SubProcess create_model() end ==================================
2026-06-29 23:06:20,734:INFO:Creating metrics dataframe
2026-06-29 23:06:20,744:INFO:Initializing Ridge Regression
2026-06-29 23:06:20,744:INFO:Total runtime is 0.33025139967600503 minutes
2026-06-29 23:06:20,749:INFO:SubProcess create_model() called ==================================
2026-06-29 23:06:20,749:INFO:Initializing create_model()
2026-06-29 23:06:20,749:INFO:create_model(self=<pycaret.regression.oop.RegressionExperiment object at 0x138baedd0>, estimator=ridge, fold=KFold(n_splits=10, random_state=None, shuffle=False), round=4, cross_validation=True, predict=True, fit_kwargs={}, groups=None, refit=False, probability_threshold=None, experiment_custom_tags=None, verbose=False, system=False, add_to_model_list=True, metrics=None, display=<pycaret.internal.display.display.CommonDisplay object at 0x138d40250>, model_only=True, return_train_score=False, error_score=0.0, kwargs={})
2026-06-29 23:06:20,749:INFO:Checking exceptions
2026-06-29 23:06:20,749:INFO:Importing libraries
2026-06-29 23:06:20,749:INFO:Copying training dataset
2026-06-29 23:06:20,771:INFO:Defining folds
2026-06-29 23:06:20,771:INFO:Declaring metric variables
2026-06-29 23:06:20,774:INFO:Importing untrained model
2026-06-29 23:06:20,778:INFO:Ridge Regression Imported successfully
2026-06-29 23:06:20,786:INFO:Starting cross validation
2026-06-29 23:06:20,798:INFO:Cross validating with KFold(n_splits=10, random_state=None, shuffle=False), n_jobs=-1
2026-06-29 23:06:23,167:INFO:Calculating mean and std
2026-06-29 23:06:23,169:INFO:Creating metrics dataframe
2026-06-29 23:06:23,171:INFO:Uploading results into container
2026-06-29 23:06:23,172:INFO:Uploading model into container now
2026-06-29 23:06:23,172:INFO:_master_model_container: 3
2026-06-29 23:06:23,172:INFO:_display_container: 2
2026-06-29 23:06:23,173:INFO:Ridge(random_state=42)
2026-06-29 23:06:23,173:INFO:create_model() successfully completed......................................
2026-06-29 23:06:23,250:INFO:SubProcess create_model() end ==================================
2026-06-29 23:06:23,250:INFO:Creating metrics dataframe
2026-06-29 23:06:23,258:INFO:Initializing Elastic Net
2026-06-29 23:06:23,258:INFO:Total runtime is 0.37214801708857215 minutes
2026-06-29 23:06:23,263:INFO:SubProcess create_model() called ==================================
2026-06-29 23:06:23,263:INFO:Initializing create_model()
2026-06-29 23:06:23,263:INFO:create_model(self=<pycaret.regression.oop.RegressionExperiment object at 0x138baedd0>, estimator=en, fold=KFold(n_splits=10, random_state=None, shuffle=False), round=4, cross_validation=True, predict=True, fit_kwargs={}, groups=None, refit=False, probability_threshold=None, experiment_custom_tags=None, verbose=False, system=False, add_to_model_list=True, metrics=None, display=<pycaret.internal.display.display.CommonDisplay object at 0x138d40250>, model_only=True, return_train_score=False, error_score=0.0, kwargs={})
2026-06-29 23:06:23,263:INFO:Checking exceptions
2026-06-29 23:06:23,263:INFO:Importing libraries
2026-06-29 23:06:23,263:INFO:Copying training dataset
2026-06-29 23:06:23,285:INFO:Defining folds
2026-06-29 23:06:23,285:INFO:Declaring metric variables
2026-06-29 23:06:23,288:INFO:Importing untrained model
2026-06-29 23:06:23,292:INFO:Elastic Net Imported successfully
2026-06-29 23:06:23,300:INFO:Starting cross validation
2026-06-29 23:06:23,313:INFO:Cross validating with KFold(n_splits=10, random_state=None, shuffle=False), n_jobs=-1
2026-06-29 23:06:25,800:INFO:Calculating mean and std
2026-06-29 23:06:25,802:INFO:Creating metrics dataframe
2026-06-29 23:06:25,804:INFO:Uploading results into container
2026-06-29 23:06:25,804:INFO:Uploading model into container now
2026-06-29 23:06:25,805:INFO:_master_model_container: 4
2026-06-29 23:06:25,805:INFO:_display_container: 2
2026-06-29 23:06:25,805:INFO:ElasticNet(random_state=42)
2026-06-29 23:06:25,805:INFO:create_model() successfully completed......................................
2026-06-29 23:06:25,884:INFO:SubProcess create_model() end ==================================
2026-06-29 23:06:25,884:INFO:Creating metrics dataframe
2026-06-29 23:06:25,895:INFO:Initializing Least Angle Regression
2026-06-29 23:06:25,895:INFO:Total runtime is 0.4160912990570068 minutes
2026-06-29 23:06:25,900:INFO:SubProcess create_model() called ==================================
2026-06-29 23:06:25,900:INFO:Initializing create_model()
2026-06-29 23:06:25,901:INFO:create_model(self=<pycaret.regression.oop.RegressionExperiment object at 0x138baedd0>, estimator=lar, fold=KFold(n_splits=10, random_state=None, shuffle=False), round=4, cross_validation=True, predict=True, fit_kwargs={}, groups=None, refit=False, probability_threshold=None, experiment_custom_tags=None, verbose=False, system=False, add_to_model_list=True, metrics=None, display=<pycaret.internal.display.display.CommonDisplay object at 0x138d40250>, model_only=True, return_train_score=False, error_score=0.0, kwargs={})
2026-06-29 23:06:25,901:INFO:Checking exceptions
2026-06-29 23:06:25,901:INFO:Importing libraries
2026-06-29 23:06:25,901:INFO:Copying training dataset
2026-06-29 23:06:25,924:INFO:Defining folds
2026-06-29 23:06:25,924:INFO:Declaring metric variables
2026-06-29 23:06:25,928:INFO:Importing untrained model
2026-06-29 23:06:25,933:INFO:Least Angle Regression Imported successfully
2026-06-29 23:06:25,941:INFO:Starting cross validation
2026-06-29 23:06:25,954:INFO:Cross validating with KFold(n_splits=10, random_state=None, shuffle=False), n_jobs=-1
2026-06-29 23:06:27,984:WARNING:/Users/enrique/miniconda3/envs/regresion_env/lib/python3.10/site-packages/sklearn/linear_model/_least_angle.py:688: ConvergenceWarning: Regressors in active set degenerate. Dropping a regressor, after 92 iterations, i.e. alpha=3.176e-03, with an active set of 82 regressors, and the smallest cholesky pivot element being 5.960e-08. Reduce max_iter or increase eps parameters.
  warnings.warn(

2026-06-29 23:06:28,134:WARNING:/Users/enrique/miniconda3/envs/regresion_env/lib/python3.10/site-packages/sklearn/linear_model/_least_angle.py:688: ConvergenceWarning: Regressors in active set degenerate. Dropping a regressor, after 296 iterations, i.e. alpha=3.178e-01, with an active set of 222 regressors, and the smallest cholesky pivot element being 2.107e-08. Reduce max_iter or increase eps parameters.
  warnings.warn(

2026-06-29 23:06:28,255:WARNING:/Users/enrique/miniconda3/envs/regresion_env/lib/python3.10/site-packages/sklearn/linear_model/_least_angle.py:688: ConvergenceWarning: Regressors in active set degenerate. Dropping a regressor, after 380 iterations, i.e. alpha=6.147e+03, with an active set of 278 regressors, and the smallest cholesky pivot element being 2.107e-08. Reduce max_iter or increase eps parameters.
  warnings.warn(

2026-06-29 23:06:28,684:INFO:Calculating mean and std
2026-06-29 23:06:28,685:INFO:Creating metrics dataframe
2026-06-29 23:06:28,687:INFO:Uploading results into container
2026-06-29 23:06:28,688:INFO:Uploading model into container now
2026-06-29 23:06:28,688:INFO:_master_model_container: 5
2026-06-29 23:06:28,688:INFO:_display_container: 2
2026-06-29 23:06:28,689:INFO:Lars(random_state=42)
2026-06-29 23:06:28,689:INFO:create_model() successfully completed......................................
2026-06-29 23:06:28,764:INFO:SubProcess create_model() end ==================================
2026-06-29 23:06:28,764:INFO:Creating metrics dataframe
2026-06-29 23:06:28,775:INFO:Initializing Lasso Least Angle Regression
2026-06-29 23:06:28,775:INFO:Total runtime is 0.4640955368677775 minutes
2026-06-29 23:06:28,780:INFO:SubProcess create_model() called ==================================
2026-06-29 23:06:28,781:INFO:Initializing create_model()
2026-06-29 23:06:28,781:INFO:create_model(self=<pycaret.regression.oop.RegressionExperiment object at 0x138baedd0>, estimator=llar, fold=KFold(n_splits=10, random_state=None, shuffle=False), round=4, cross_validation=True, predict=True, fit_kwargs={}, groups=None, refit=False, probability_threshold=None, experiment_custom_tags=None, verbose=False, system=False, add_to_model_list=True, metrics=None, display=<pycaret.internal.display.display.CommonDisplay object at 0x138d40250>, model_only=True, return_train_score=False, error_score=0.0, kwargs={})
2026-06-29 23:06:28,781:INFO:Checking exceptions
2026-06-29 23:06:28,781:INFO:Importing libraries
2026-06-29 23:06:28,781:INFO:Copying training dataset
2026-06-29 23:06:28,805:INFO:Defining folds
2026-06-29 23:06:28,806:INFO:Declaring metric variables
2026-06-29 23:06:28,810:INFO:Importing untrained model
2026-06-29 23:06:28,814:INFO:Lasso Least Angle Regression Imported successfully
2026-06-29 23:06:28,822:INFO:Starting cross validation
2026-06-29 23:06:28,836:INFO:Cross validating with KFold(n_splits=10, random_state=None, shuffle=False), n_jobs=-1
2026-06-29 23:06:31,340:INFO:Calculating mean and std
2026-06-29 23:06:31,342:INFO:Creating metrics dataframe
2026-06-29 23:06:31,344:INFO:Uploading results into container
2026-06-29 23:06:31,344:INFO:Uploading model into container now
2026-06-29 23:06:31,345:INFO:_master_model_container: 6
2026-06-29 23:06:31,345:INFO:_display_container: 2
2026-06-29 23:06:31,345:INFO:LassoLars(random_state=42)
2026-06-29 23:06:31,345:INFO:create_model() successfully completed......................................
2026-06-29 23:06:31,423:INFO:SubProcess create_model() end ==================================
2026-06-29 23:06:31,423:INFO:Creating metrics dataframe
2026-06-29 23:06:31,435:INFO:Initializing Orthogonal Matching Pursuit
2026-06-29 23:06:31,436:INFO:Total runtime is 0.5084389328956603 minutes
2026-06-29 23:06:31,440:INFO:SubProcess create_model() called ==================================
2026-06-29 23:06:31,441:INFO:Initializing create_model()
2026-06-29 23:06:31,441:INFO:create_model(self=<pycaret.regression.oop.RegressionExperiment object at 0x138baedd0>, estimator=omp, fold=KFold(n_splits=10, random_state=None, shuffle=False), round=4, cross_validation=True, predict=True, fit_kwargs={}, groups=None, refit=False, probability_threshold=None, experiment_custom_tags=None, verbose=False, system=False, add_to_model_list=True, metrics=None, display=<pycaret.internal.display.display.CommonDisplay object at 0x138d40250>, model_only=True, return_train_score=False, error_score=0.0, kwargs={})
2026-06-29 23:06:31,441:INFO:Checking exceptions
2026-06-29 23:06:31,441:INFO:Importing libraries
2026-06-29 23:06:31,441:INFO:Copying training dataset
2026-06-29 23:06:31,467:INFO:Defining folds
2026-06-29 23:06:31,467:INFO:Declaring metric variables
2026-06-29 23:06:31,472:INFO:Importing untrained model
2026-06-29 23:06:31,478:INFO:Orthogonal Matching Pursuit Imported successfully
2026-06-29 23:06:31,488:INFO:Starting cross validation
2026-06-29 23:06:31,502:INFO:Cross validating with KFold(n_splits=10, random_state=None, shuffle=False), n_jobs=-1
2026-06-29 23:06:33,863:INFO:Calculating mean and std
2026-06-29 23:06:33,864:INFO:Creating metrics dataframe
2026-06-29 23:06:33,867:INFO:Uploading results into container
2026-06-29 23:06:33,867:INFO:Uploading model into container now
2026-06-29 23:06:33,868:INFO:_master_model_container: 7
2026-06-29 23:06:33,868:INFO:_display_container: 2
2026-06-29 23:06:33,868:INFO:OrthogonalMatchingPursuit()
2026-06-29 23:06:33,868:INFO:create_model() successfully completed......................................
2026-06-29 23:06:33,944:INFO:SubProcess create_model() end ==================================
2026-06-29 23:06:33,944:INFO:Creating metrics dataframe
2026-06-29 23:06:33,956:INFO:Initializing Bayesian Ridge
2026-06-29 23:06:33,956:INFO:Total runtime is 0.5504493474960327 minutes
2026-06-29 23:06:33,960:INFO:SubProcess create_model() called ==================================
2026-06-29 23:06:33,961:INFO:Initializing create_model()
2026-06-29 23:06:33,961:INFO:create_model(self=<pycaret.regression.oop.RegressionExperiment object at 0x138baedd0>, estimator=br, fold=KFold(n_splits=10, random_state=None, shuffle=False), round=4, cross_validation=True, predict=True, fit_kwargs={}, groups=None, refit=False, probability_threshold=None, experiment_custom_tags=None, verbose=False, system=False, add_to_model_list=True, metrics=None, display=<pycaret.internal.display.display.CommonDisplay object at 0x138d40250>, model_only=True, return_train_score=False, error_score=0.0, kwargs={})
2026-06-29 23:06:33,961:INFO:Checking exceptions
2026-06-29 23:06:33,961:INFO:Importing libraries
2026-06-29 23:06:33,961:INFO:Copying training dataset
2026-06-29 23:06:33,986:INFO:Defining folds
2026-06-29 23:06:33,986:INFO:Declaring metric variables
2026-06-29 23:06:33,990:INFO:Importing untrained model
2026-06-29 23:06:33,996:INFO:Bayesian Ridge Imported successfully
2026-06-29 23:06:34,005:INFO:Starting cross validation
2026-06-29 23:06:34,018:INFO:Cross validating with KFold(n_splits=10, random_state=None, shuffle=False), n_jobs=-1
2026-06-29 23:06:36,293:INFO:Calculating mean and std
2026-06-29 23:06:36,294:INFO:Creating metrics dataframe
2026-06-29 23:06:36,296:INFO:Uploading results into container
2026-06-29 23:06:36,297:INFO:Uploading model into container now
2026-06-29 23:06:36,297:INFO:_master_model_container: 8
2026-06-29 23:06:36,297:INFO:_display_container: 2
2026-06-29 23:06:36,297:INFO:BayesianRidge()
2026-06-29 23:06:36,298:INFO:create_model() successfully completed......................................
2026-06-29 23:06:36,376:INFO:SubProcess create_model() end ==================================
2026-06-29 23:06:36,376:INFO:Creating metrics dataframe
2026-06-29 23:06:36,387:INFO:Initializing Passive Aggressive Regressor
2026-06-29 23:06:36,387:INFO:Total runtime is 0.5909680803616841 minutes
2026-06-29 23:06:36,393:INFO:SubProcess create_model() called ==================================
2026-06-29 23:06:36,393:INFO:Initializing create_model()
2026-06-29 23:06:36,393:INFO:create_model(self=<pycaret.regression.oop.RegressionExperiment object at 0x138baedd0>, estimator=par, fold=KFold(n_splits=10, random_state=None, shuffle=False), round=4, cross_validation=True, predict=True, fit_kwargs={}, groups=None, refit=False, probability_threshold=None, experiment_custom_tags=None, verbose=False, system=False, add_to_model_list=True, metrics=None, display=<pycaret.internal.display.display.CommonDisplay object at 0x138d40250>, model_only=True, return_train_score=False, error_score=0.0, kwargs={})
2026-06-29 23:06:36,393:INFO:Checking exceptions
2026-06-29 23:06:36,393:INFO:Importing libraries
2026-06-29 23:06:36,393:INFO:Copying training dataset
2026-06-29 23:06:36,418:INFO:Defining folds
2026-06-29 23:06:36,418:INFO:Declaring metric variables
2026-06-29 23:06:36,422:INFO:Importing untrained model
2026-06-29 23:06:36,427:INFO:Passive Aggressive Regressor Imported successfully
2026-06-29 23:06:36,436:INFO:Starting cross validation
2026-06-29 23:06:36,449:INFO:Cross validating with KFold(n_splits=10, random_state=None, shuffle=False), n_jobs=-1
2026-06-29 23:06:39,379:INFO:Calculating mean and std
2026-06-29 23:06:39,381:INFO:Creating metrics dataframe
2026-06-29 23:06:39,384:INFO:Uploading results into container
2026-06-29 23:06:39,385:INFO:Uploading model into container now
2026-06-29 23:06:39,385:INFO:_master_model_container: 9
2026-06-29 23:06:39,385:INFO:_display_container: 2
2026-06-29 23:06:39,386:INFO:PassiveAggressiveRegressor(random_state=42)
2026-06-29 23:06:39,386:INFO:create_model() successfully completed......................................
2026-06-29 23:06:39,481:INFO:SubProcess create_model() end ==================================
2026-06-29 23:06:39,481:INFO:Creating metrics dataframe
2026-06-29 23:06:39,496:INFO:Initializing Huber Regressor
2026-06-29 23:06:39,496:INFO:Total runtime is 0.642784301439921 minutes
2026-06-29 23:06:39,503:INFO:SubProcess create_model() called ==================================
2026-06-29 23:06:39,503:INFO:Initializing create_model()
2026-06-29 23:06:39,504:INFO:create_model(self=<pycaret.regression.oop.RegressionExperiment object at 0x138baedd0>, estimator=huber, fold=KFold(n_splits=10, random_state=None, shuffle=False), round=4, cross_validation=True, predict=True, fit_kwargs={}, groups=None, refit=False, probability_threshold=None, experiment_custom_tags=None, verbose=False, system=False, add_to_model_list=True, metrics=None, display=<pycaret.internal.display.display.CommonDisplay object at 0x138d40250>, model_only=True, return_train_score=False, error_score=0.0, kwargs={})
2026-06-29 23:06:39,504:INFO:Checking exceptions
2026-06-29 23:06:39,504:INFO:Importing libraries
2026-06-29 23:06:39,504:INFO:Copying training dataset
2026-06-29 23:06:39,542:INFO:Defining folds
2026-06-29 23:06:39,542:INFO:Declaring metric variables
2026-06-29 23:06:39,549:INFO:Importing untrained model
2026-06-29 23:06:39,556:INFO:Huber Regressor Imported successfully
2026-06-29 23:06:39,568:INFO:Starting cross validation
2026-06-29 23:06:39,589:INFO:Cross validating with KFold(n_splits=10, random_state=None, shuffle=False), n_jobs=-1
2026-06-29 23:06:42,805:WARNING:/Users/enrique/miniconda3/envs/regresion_env/lib/python3.10/site-packages/sklearn/linear_model/_huber.py:342: ConvergenceWarning: lbfgs failed to converge (status=1):
STOP: TOTAL NO. of ITERATIONS REACHED LIMIT.

Increase the number of iterations (max_iter) or scale the data as shown in:
    https://scikit-learn.org/stable/modules/preprocessing.html
  self.n_iter_ = _check_optimize_result("lbfgs", opt_res, self.max_iter)

2026-06-29 23:06:42,889:WARNING:/Users/enrique/miniconda3/envs/regresion_env/lib/python3.10/site-packages/sklearn/linear_model/_huber.py:342: ConvergenceWarning: lbfgs failed to converge (status=1):
STOP: TOTAL NO. of ITERATIONS REACHED LIMIT.

Increase the number of iterations (max_iter) or scale the data as shown in:
    https://scikit-learn.org/stable/modules/preprocessing.html
  self.n_iter_ = _check_optimize_result("lbfgs", opt_res, self.max_iter)

2026-06-29 23:06:42,902:WARNING:/Users/enrique/miniconda3/envs/regresion_env/lib/python3.10/site-packages/sklearn/linear_model/_huber.py:342: ConvergenceWarning: lbfgs failed to converge (status=1):
STOP: TOTAL NO. of ITERATIONS REACHED LIMIT.

Increase the number of iterations (max_iter) or scale the data as shown in:
    https://scikit-learn.org/stable/modules/preprocessing.html
  self.n_iter_ = _check_optimize_result("lbfgs", opt_res, self.max_iter)

2026-06-29 23:06:42,915:WARNING:/Users/enrique/miniconda3/envs/regresion_env/lib/python3.10/site-packages/sklearn/linear_model/_huber.py:342: ConvergenceWarning: lbfgs failed to converge (status=1):
STOP: TOTAL NO. of ITERATIONS REACHED LIMIT.

Increase the number of iterations (max_iter) or scale the data as shown in:
    https://scikit-learn.org/stable/modules/preprocessing.html
  self.n_iter_ = _check_optimize_result("lbfgs", opt_res, self.max_iter)

2026-06-29 23:06:43,010:WARNING:/Users/enrique/miniconda3/envs/regresion_env/lib/python3.10/site-packages/sklearn/linear_model/_huber.py:342: ConvergenceWarning: lbfgs failed to converge (status=1):
STOP: TOTAL NO. of ITERATIONS REACHED LIMIT.

Increase the number of iterations (max_iter) or scale the data as shown in:
    https://scikit-learn.org/stable/modules/preprocessing.html
  self.n_iter_ = _check_optimize_result("lbfgs", opt_res, self.max_iter)

2026-06-29 23:06:43,021:WARNING:/Users/enrique/miniconda3/envs/regresion_env/lib/python3.10/site-packages/sklearn/linear_model/_huber.py:342: ConvergenceWarning: lbfgs failed to converge (status=1):
STOP: TOTAL NO. of ITERATIONS REACHED LIMIT.

Increase the number of iterations (max_iter) or scale the data as shown in:
    https://scikit-learn.org/stable/modules/preprocessing.html
  self.n_iter_ = _check_optimize_result("lbfgs", opt_res, self.max_iter)

2026-06-29 23:06:43,051:WARNING:/Users/enrique/miniconda3/envs/regresion_env/lib/python3.10/site-packages/sklearn/linear_model/_huber.py:342: ConvergenceWarning: lbfgs failed to converge (status=1):
STOP: TOTAL NO. of ITERATIONS REACHED LIMIT.

Increase the number of iterations (max_iter) or scale the data as shown in:
    https://scikit-learn.org/stable/modules/preprocessing.html
  self.n_iter_ = _check_optimize_result("lbfgs", opt_res, self.max_iter)

2026-06-29 23:06:43,051:WARNING:/Users/enrique/miniconda3/envs/regresion_env/lib/python3.10/site-packages/sklearn/linear_model/_huber.py:342: ConvergenceWarning: lbfgs failed to converge (status=1):
STOP: TOTAL NO. of ITERATIONS REACHED LIMIT.

Increase the number of iterations (max_iter) or scale the data as shown in:
    https://scikit-learn.org/stable/modules/preprocessing.html
  self.n_iter_ = _check_optimize_result("lbfgs", opt_res, self.max_iter)

2026-06-29 23:06:43,074:WARNING:/Users/enrique/miniconda3/envs/regresion_env/lib/python3.10/site-packages/sklearn/linear_model/_huber.py:342: ConvergenceWarning: lbfgs failed to converge (status=1):
STOP: TOTAL NO. of ITERATIONS REACHED LIMIT.

Increase the number of iterations (max_iter) or scale the data as shown in:
    https://scikit-learn.org/stable/modules/preprocessing.html
  self.n_iter_ = _check_optimize_result("lbfgs", opt_res, self.max_iter)

2026-06-29 23:06:43,097:WARNING:/Users/enrique/miniconda3/envs/regresion_env/lib/python3.10/site-packages/sklearn/linear_model/_huber.py:342: ConvergenceWarning: lbfgs failed to converge (status=1):
STOP: TOTAL NO. of ITERATIONS REACHED LIMIT.

Increase the number of iterations (max_iter) or scale the data as shown in:
    https://scikit-learn.org/stable/modules/preprocessing.html
  self.n_iter_ = _check_optimize_result("lbfgs", opt_res, self.max_iter)

2026-06-29 23:06:43,530:INFO:Calculating mean and std
2026-06-29 23:06:43,532:INFO:Creating metrics dataframe
2026-06-29 23:06:43,535:INFO:Uploading results into container
2026-06-29 23:06:43,536:INFO:Uploading model into container now
2026-06-29 23:06:43,537:INFO:_master_model_container: 10
2026-06-29 23:06:43,537:INFO:_display_container: 2
2026-06-29 23:06:43,537:INFO:HuberRegressor()
2026-06-29 23:06:43,537:INFO:create_model() successfully completed......................................
2026-06-29 23:06:43,634:INFO:SubProcess create_model() end ==================================
2026-06-29 23:06:43,634:INFO:Creating metrics dataframe
2026-06-29 23:06:43,649:INFO:Initializing K Neighbors Regressor
2026-06-29 23:06:43,649:INFO:Total runtime is 0.7119943817456563 minutes
2026-06-29 23:06:43,655:INFO:SubProcess create_model() called ==================================
2026-06-29 23:06:43,656:INFO:Initializing create_model()
2026-06-29 23:06:43,656:INFO:create_model(self=<pycaret.regression.oop.RegressionExperiment object at 0x138baedd0>, estimator=knn, fold=KFold(n_splits=10, random_state=None, shuffle=False), round=4, cross_validation=True, predict=True, fit_kwargs={}, groups=None, refit=False, probability_threshold=None, experiment_custom_tags=None, verbose=False, system=False, add_to_model_list=True, metrics=None, display=<pycaret.internal.display.display.CommonDisplay object at 0x138d40250>, model_only=True, return_train_score=False, error_score=0.0, kwargs={})
2026-06-29 23:06:43,656:INFO:Checking exceptions
2026-06-29 23:06:43,656:INFO:Importing libraries
2026-06-29 23:06:43,656:INFO:Copying training dataset
2026-06-29 23:06:43,692:INFO:Defining folds
2026-06-29 23:06:43,693:INFO:Declaring metric variables
2026-06-29 23:06:43,700:INFO:Importing untrained model
2026-06-29 23:06:43,707:INFO:K Neighbors Regressor Imported successfully
2026-06-29 23:06:43,720:INFO:Starting cross validation
2026-06-29 23:06:43,788:INFO:Cross validating with KFold(n_splits=10, random_state=None, shuffle=False), n_jobs=-1
2026-06-29 23:06:47,129:INFO:Calculating mean and std
2026-06-29 23:06:47,130:INFO:Creating metrics dataframe
2026-06-29 23:06:47,134:INFO:Uploading results into container
2026-06-29 23:06:47,134:INFO:Uploading model into container now
2026-06-29 23:06:47,135:INFO:_master_model_container: 11
2026-06-29 23:06:47,135:INFO:_display_container: 2
2026-06-29 23:06:47,136:INFO:KNeighborsRegressor(n_jobs=-1)
2026-06-29 23:06:47,136:INFO:create_model() successfully completed......................................
2026-06-29 23:06:47,232:INFO:SubProcess create_model() end ==================================
2026-06-29 23:06:47,232:INFO:Creating metrics dataframe
2026-06-29 23:06:47,247:INFO:Initializing Decision Tree Regressor
2026-06-29 23:06:47,247:INFO:Total runtime is 0.7719627817471822 minutes
2026-06-29 23:06:47,252:INFO:SubProcess create_model() called ==================================
2026-06-29 23:06:47,253:INFO:Initializing create_model()
2026-06-29 23:06:47,253:INFO:create_model(self=<pycaret.regression.oop.RegressionExperiment object at 0x138baedd0>, estimator=dt, fold=KFold(n_splits=10, random_state=None, shuffle=False), round=4, cross_validation=True, predict=True, fit_kwargs={}, groups=None, refit=False, probability_threshold=None, experiment_custom_tags=None, verbose=False, system=False, add_to_model_list=True, metrics=None, display=<pycaret.internal.display.display.CommonDisplay object at 0x138d40250>, model_only=True, return_train_score=False, error_score=0.0, kwargs={})
2026-06-29 23:06:47,254:INFO:Checking exceptions
2026-06-29 23:06:47,254:INFO:Importing libraries
2026-06-29 23:06:47,254:INFO:Copying training dataset
2026-06-29 23:06:47,290:INFO:Defining folds
2026-06-29 23:06:47,290:INFO:Declaring metric variables
2026-06-29 23:06:47,297:INFO:Importing untrained model
2026-06-29 23:06:47,305:INFO:Decision Tree Regressor Imported successfully
2026-06-29 23:06:47,319:INFO:Starting cross validation
2026-06-29 23:06:47,342:INFO:Cross validating with KFold(n_splits=10, random_state=None, shuffle=False), n_jobs=-1
2026-06-29 23:06:49,675:INFO:Calculating mean and std
2026-06-29 23:06:49,677:INFO:Creating metrics dataframe
2026-06-29 23:06:49,680:INFO:Uploading results into container
2026-06-29 23:06:49,680:INFO:Uploading model into container now
2026-06-29 23:06:49,681:INFO:_master_model_container: 12
2026-06-29 23:06:49,681:INFO:_display_container: 2
2026-06-29 23:06:49,681:INFO:DecisionTreeRegressor(random_state=42)
2026-06-29 23:06:49,681:INFO:create_model() successfully completed......................................
2026-06-29 23:06:49,757:INFO:SubProcess create_model() end ==================================
2026-06-29 23:06:49,757:INFO:Creating metrics dataframe
2026-06-29 23:06:49,771:INFO:Initializing Random Forest Regressor
2026-06-29 23:06:49,771:INFO:Total runtime is 0.8140217661857605 minutes
2026-06-29 23:06:49,775:INFO:SubProcess create_model() called ==================================
2026-06-29 23:06:49,775:INFO:Initializing create_model()
2026-06-29 23:06:49,775:INFO:create_model(self=<pycaret.regression.oop.RegressionExperiment object at 0x138baedd0>, estimator=rf, fold=KFold(n_splits=10, random_state=None, shuffle=False), round=4, cross_validation=True, predict=True, fit_kwargs={}, groups=None, refit=False, probability_threshold=None, experiment_custom_tags=None, verbose=False, system=False, add_to_model_list=True, metrics=None, display=<pycaret.internal.display.display.CommonDisplay object at 0x138d40250>, model_only=True, return_train_score=False, error_score=0.0, kwargs={})
2026-06-29 23:06:49,775:INFO:Checking exceptions
2026-06-29 23:06:49,775:INFO:Importing libraries
2026-06-29 23:06:49,776:INFO:Copying training dataset
2026-06-29 23:06:49,798:INFO:Defining folds
2026-06-29 23:06:49,798:INFO:Declaring metric variables
2026-06-29 23:06:49,803:INFO:Importing untrained model
2026-06-29 23:06:49,808:INFO:Random Forest Regressor Imported successfully
2026-06-29 23:06:49,817:INFO:Starting cross validation
2026-06-29 23:06:49,832:INFO:Cross validating with KFold(n_splits=10, random_state=None, shuffle=False), n_jobs=-1
2026-06-29 23:06:55,249:INFO:Calculating mean and std
2026-06-29 23:06:55,250:INFO:Creating metrics dataframe
2026-06-29 23:06:55,252:INFO:Uploading results into container
2026-06-29 23:06:55,253:INFO:Uploading model into container now
2026-06-29 23:06:55,253:INFO:_master_model_container: 13
2026-06-29 23:06:55,253:INFO:_display_container: 2
2026-06-29 23:06:55,254:INFO:RandomForestRegressor(n_jobs=-1, random_state=42)
2026-06-29 23:06:55,254:INFO:create_model() successfully completed......................................
2026-06-29 23:06:55,330:INFO:SubProcess create_model() end ==================================
2026-06-29 23:06:55,330:INFO:Creating metrics dataframe
2026-06-29 23:06:55,343:INFO:Initializing Extra Trees Regressor
2026-06-29 23:06:55,343:INFO:Total runtime is 0.9068982164065043 minutes
2026-06-29 23:06:55,348:INFO:SubProcess create_model() called ==================================
2026-06-29 23:06:55,348:INFO:Initializing create_model()
2026-06-29 23:06:55,348:INFO:create_model(self=<pycaret.regression.oop.RegressionExperiment object at 0x138baedd0>, estimator=et, fold=KFold(n_splits=10, random_state=None, shuffle=False), round=4, cross_validation=True, predict=True, fit_kwargs={}, groups=None, refit=False, probability_threshold=None, experiment_custom_tags=None, verbose=False, system=False, add_to_model_list=True, metrics=None, display=<pycaret.internal.display.display.CommonDisplay object at 0x138d40250>, model_only=True, return_train_score=False, error_score=0.0, kwargs={})
2026-06-29 23:06:55,349:INFO:Checking exceptions
2026-06-29 23:06:55,349:INFO:Importing libraries
2026-06-29 23:06:55,349:INFO:Copying training dataset
2026-06-29 23:06:55,371:INFO:Defining folds
2026-06-29 23:06:55,371:INFO:Declaring metric variables
2026-06-29 23:06:55,375:INFO:Importing untrained model
2026-06-29 23:06:55,379:INFO:Extra Trees Regressor Imported successfully
2026-06-29 23:06:55,389:INFO:Starting cross validation
2026-06-29 23:06:55,404:INFO:Cross validating with KFold(n_splits=10, random_state=None, shuffle=False), n_jobs=-1
2026-06-29 23:07:02,534:INFO:Calculating mean and std
2026-06-29 23:07:02,536:INFO:Creating metrics dataframe
2026-06-29 23:07:02,539:INFO:Uploading results into container
2026-06-29 23:07:02,540:INFO:Uploading model into container now
2026-06-29 23:07:02,541:INFO:_master_model_container: 14
2026-06-29 23:07:02,541:INFO:_display_container: 2
2026-06-29 23:07:02,541:INFO:ExtraTreesRegressor(n_jobs=-1, random_state=42)
2026-06-29 23:07:02,541:INFO:create_model() successfully completed......................................
2026-06-29 23:07:02,639:INFO:SubProcess create_model() end ==================================
2026-06-29 23:07:02,640:INFO:Creating metrics dataframe
2026-06-29 23:07:02,657:INFO:Initializing AdaBoost Regressor
2026-06-29 23:07:02,657:INFO:Total runtime is 1.0287952979405721 minutes
2026-06-29 23:07:02,663:INFO:SubProcess create_model() called ==================================
2026-06-29 23:07:02,664:INFO:Initializing create_model()
2026-06-29 23:07:02,664:INFO:create_model(self=<pycaret.regression.oop.RegressionExperiment object at 0x138baedd0>, estimator=ada, fold=KFold(n_splits=10, random_state=None, shuffle=False), round=4, cross_validation=True, predict=True, fit_kwargs={}, groups=None, refit=False, probability_threshold=None, experiment_custom_tags=None, verbose=False, system=False, add_to_model_list=True, metrics=None, display=<pycaret.internal.display.display.CommonDisplay object at 0x138d40250>, model_only=True, return_train_score=False, error_score=0.0, kwargs={})
2026-06-29 23:07:02,664:INFO:Checking exceptions
2026-06-29 23:07:02,664:INFO:Importing libraries
2026-06-29 23:07:02,664:INFO:Copying training dataset
2026-06-29 23:07:02,697:INFO:Defining folds
2026-06-29 23:07:02,698:INFO:Declaring metric variables
2026-06-29 23:07:02,706:INFO:Importing untrained model
2026-06-29 23:07:02,714:INFO:AdaBoost Regressor Imported successfully
2026-06-29 23:07:02,726:INFO:Starting cross validation
2026-06-29 23:07:02,748:INFO:Cross validating with KFold(n_splits=10, random_state=None, shuffle=False), n_jobs=-1
2026-06-29 23:07:07,422:INFO:Calculating mean and std
2026-06-29 23:07:07,424:INFO:Creating metrics dataframe
2026-06-29 23:07:07,427:INFO:Uploading results into container
2026-06-29 23:07:07,428:INFO:Uploading model into container now
2026-06-29 23:07:07,429:INFO:_master_model_container: 15
2026-06-29 23:07:07,429:INFO:_display_container: 2
2026-06-29 23:07:07,429:INFO:AdaBoostRegressor(random_state=42)
2026-06-29 23:07:07,429:INFO:create_model() successfully completed......................................
2026-06-29 23:07:07,532:INFO:SubProcess create_model() end ==================================
2026-06-29 23:07:07,533:INFO:Creating metrics dataframe
2026-06-29 23:07:07,550:INFO:Initializing Gradient Boosting Regressor
2026-06-29 23:07:07,551:INFO:Total runtime is 1.1103532870610555 minutes
2026-06-29 23:07:07,557:INFO:SubProcess create_model() called ==================================
2026-06-29 23:07:07,557:INFO:Initializing create_model()
2026-06-29 23:07:07,557:INFO:create_model(self=<pycaret.regression.oop.RegressionExperiment object at 0x138baedd0>, estimator=gbr, fold=KFold(n_splits=10, random_state=None, shuffle=False), round=4, cross_validation=True, predict=True, fit_kwargs={}, groups=None, refit=False, probability_threshold=None, experiment_custom_tags=None, verbose=False, system=False, add_to_model_list=True, metrics=None, display=<pycaret.internal.display.display.CommonDisplay object at 0x138d40250>, model_only=True, return_train_score=False, error_score=0.0, kwargs={})
2026-06-29 23:07:07,557:INFO:Checking exceptions
2026-06-29 23:07:07,558:INFO:Importing libraries
2026-06-29 23:07:07,558:INFO:Copying training dataset
2026-06-29 23:07:07,590:INFO:Defining folds
2026-06-29 23:07:07,591:INFO:Declaring metric variables
2026-06-29 23:07:07,598:INFO:Importing untrained model
2026-06-29 23:07:07,617:INFO:Gradient Boosting Regressor Imported successfully
2026-06-29 23:07:07,629:INFO:Starting cross validation
2026-06-29 23:07:07,651:INFO:Cross validating with KFold(n_splits=10, random_state=None, shuffle=False), n_jobs=-1
2026-06-29 23:07:11,575:INFO:Calculating mean and std
2026-06-29 23:07:11,576:INFO:Creating metrics dataframe
2026-06-29 23:07:11,578:INFO:Uploading results into container
2026-06-29 23:07:11,579:INFO:Uploading model into container now
2026-06-29 23:07:11,579:INFO:_master_model_container: 16
2026-06-29 23:07:11,579:INFO:_display_container: 2
2026-06-29 23:07:11,579:INFO:GradientBoostingRegressor(random_state=42)
2026-06-29 23:07:11,580:INFO:create_model() successfully completed......................................
2026-06-29 23:07:11,653:INFO:SubProcess create_model() end ==================================
2026-06-29 23:07:11,653:INFO:Creating metrics dataframe
2026-06-29 23:07:11,666:INFO:Initializing Light Gradient Boosting Machine
2026-06-29 23:07:11,667:INFO:Total runtime is 1.1789551496505737 minutes
2026-06-29 23:07:11,671:INFO:SubProcess create_model() called ==================================
2026-06-29 23:07:11,671:INFO:Initializing create_model()
2026-06-29 23:07:11,671:INFO:create_model(self=<pycaret.regression.oop.RegressionExperiment object at 0x138baedd0>, estimator=lightgbm, fold=KFold(n_splits=10, random_state=None, shuffle=False), round=4, cross_validation=True, predict=True, fit_kwargs={}, groups=None, refit=False, probability_threshold=None, experiment_custom_tags=None, verbose=False, system=False, add_to_model_list=True, metrics=None, display=<pycaret.internal.display.display.CommonDisplay object at 0x138d40250>, model_only=True, return_train_score=False, error_score=0.0, kwargs={})
2026-06-29 23:07:11,671:INFO:Checking exceptions
2026-06-29 23:07:11,671:INFO:Importing libraries
2026-06-29 23:07:11,671:INFO:Copying training dataset
2026-06-29 23:07:11,693:INFO:Defining folds
2026-06-29 23:07:11,693:INFO:Declaring metric variables
2026-06-29 23:07:11,697:INFO:Importing untrained model
2026-06-29 23:07:11,702:INFO:Light Gradient Boosting Machine Imported successfully
2026-06-29 23:07:11,712:INFO:Starting cross validation
2026-06-29 23:07:11,727:INFO:Cross validating with KFold(n_splits=10, random_state=None, shuffle=False), n_jobs=-1
2026-06-29 23:07:26,711:INFO:Calculating mean and std
2026-06-29 23:07:26,712:INFO:Creating metrics dataframe
2026-06-29 23:07:26,715:INFO:Uploading results into container
2026-06-29 23:07:26,715:INFO:Uploading model into container now
2026-06-29 23:07:26,716:INFO:_master_model_container: 17
2026-06-29 23:07:26,716:INFO:_display_container: 2
2026-06-29 23:07:26,717:INFO:LGBMRegressor(n_jobs=-1, random_state=42)
2026-06-29 23:07:26,717:INFO:create_model() successfully completed......................................
2026-06-29 23:07:26,795:INFO:SubProcess create_model() end ==================================
2026-06-29 23:07:26,795:INFO:Creating metrics dataframe
2026-06-29 23:07:26,809:INFO:Initializing Dummy Regressor
2026-06-29 23:07:26,809:INFO:Total runtime is 1.4313253521919251 minutes
2026-06-29 23:07:26,813:INFO:SubProcess create_model() called ==================================
2026-06-29 23:07:26,813:INFO:Initializing create_model()
2026-06-29 23:07:26,813:INFO:create_model(self=<pycaret.regression.oop.RegressionExperiment object at 0x138baedd0>, estimator=dummy, fold=KFold(n_splits=10, random_state=None, shuffle=False), round=4, cross_validation=True, predict=True, fit_kwargs={}, groups=None, refit=False, probability_threshold=None, experiment_custom_tags=None, verbose=False, system=False, add_to_model_list=True, metrics=None, display=<pycaret.internal.display.display.CommonDisplay object at 0x138d40250>, model_only=True, return_train_score=False, error_score=0.0, kwargs={})
2026-06-29 23:07:26,813:INFO:Checking exceptions
2026-06-29 23:07:26,813:INFO:Importing libraries
2026-06-29 23:07:26,814:INFO:Copying training dataset
2026-06-29 23:07:26,838:INFO:Defining folds
2026-06-29 23:07:26,838:INFO:Declaring metric variables
2026-06-29 23:07:26,843:INFO:Importing untrained model
2026-06-29 23:07:26,849:INFO:Dummy Regressor Imported successfully
2026-06-29 23:07:26,858:INFO:Starting cross validation
2026-06-29 23:07:26,878:INFO:Cross validating with KFold(n_splits=10, random_state=None, shuffle=False), n_jobs=-1
2026-06-29 23:07:28,965:INFO:Calculating mean and std
2026-06-29 23:07:28,966:INFO:Creating metrics dataframe
2026-06-29 23:07:28,969:INFO:Uploading results into container
2026-06-29 23:07:28,969:INFO:Uploading model into container now
2026-06-29 23:07:28,970:INFO:_master_model_container: 18
2026-06-29 23:07:28,970:INFO:_display_container: 2
2026-06-29 23:07:28,970:INFO:DummyRegressor()
2026-06-29 23:07:28,970:INFO:create_model() successfully completed......................................
2026-06-29 23:07:29,045:INFO:SubProcess create_model() end ==================================
2026-06-29 23:07:29,046:INFO:Creating metrics dataframe
2026-06-29 23:07:29,069:INFO:Initializing create_model()
2026-06-29 23:07:29,070:INFO:create_model(self=<pycaret.regression.oop.RegressionExperiment object at 0x138baedd0>, estimator=GradientBoostingRegressor(random_state=42), fold=KFold(n_splits=10, random_state=None, shuffle=False), round=4, cross_validation=False, predict=False, fit_kwargs={}, groups=None, refit=True, probability_threshold=None, experiment_custom_tags=None, verbose=False, system=False, add_to_model_list=True, metrics=None, display=None, model_only=True, return_train_score=False, error_score=0.0, kwargs={})
2026-06-29 23:07:29,070:INFO:Checking exceptions
2026-06-29 23:07:29,074:INFO:Importing libraries
2026-06-29 23:07:29,074:INFO:Copying training dataset
2026-06-29 23:07:29,095:INFO:Defining folds
2026-06-29 23:07:29,095:INFO:Declaring metric variables
2026-06-29 23:07:29,095:INFO:Importing untrained model
2026-06-29 23:07:29,095:INFO:Declaring custom model
2026-06-29 23:07:29,096:INFO:Gradient Boosting Regressor Imported successfully
2026-06-29 23:07:29,107:INFO:Cross validation set to False
2026-06-29 23:07:29,107:INFO:Fitting Model
2026-06-29 23:07:30,629:INFO:GradientBoostingRegressor(random_state=42)
2026-06-29 23:07:30,629:INFO:create_model() successfully completed......................................
2026-06-29 23:07:30,711:INFO:Initializing create_model()
2026-06-29 23:07:30,711:INFO:create_model(self=<pycaret.regression.oop.RegressionExperiment object at 0x138baedd0>, estimator=LGBMRegressor(n_jobs=-1, random_state=42), fold=KFold(n_splits=10, random_state=None, shuffle=False), round=4, cross_validation=False, predict=False, fit_kwargs={}, groups=None, refit=True, probability_threshold=None, experiment_custom_tags=None, verbose=False, system=False, add_to_model_list=True, metrics=None, display=None, model_only=True, return_train_score=False, error_score=0.0, kwargs={})
2026-06-29 23:07:30,712:INFO:Checking exceptions
2026-06-29 23:07:30,714:INFO:Importing libraries
2026-06-29 23:07:30,715:INFO:Copying training dataset
2026-06-29 23:07:30,734:INFO:Defining folds
2026-06-29 23:07:30,735:INFO:Declaring metric variables
2026-06-29 23:07:30,735:INFO:Importing untrained model
2026-06-29 23:07:30,735:INFO:Declaring custom model
2026-06-29 23:07:30,736:INFO:Light Gradient Boosting Machine Imported successfully
2026-06-29 23:07:30,746:INFO:Cross validation set to False
2026-06-29 23:07:30,746:INFO:Fitting Model
2026-06-29 23:07:31,634:INFO:[LightGBM] [Warning] Found whitespace in feature_names, replace with underlines
2026-06-29 23:07:31,639:INFO:[LightGBM] [Info] Auto-choosing row-wise multi-threading, the overhead of testing was 0.001436 seconds.
2026-06-29 23:07:31,639:INFO:You can set `force_row_wise=true` to remove the overhead.
2026-06-29 23:07:31,639:INFO:And if memory is not enough, you can set `force_col_wise=true`.
2026-06-29 23:07:31,640:INFO:[LightGBM] [Info] Total Bins 3516
2026-06-29 23:07:31,641:INFO:[LightGBM] [Info] Number of data points in the train set: 1021, number of used features: 178
2026-06-29 23:07:31,641:INFO:[LightGBM] [Info] Start training from score 12.028862
2026-06-29 23:07:31,727:INFO:LGBMRegressor(n_jobs=-1, random_state=42)
2026-06-29 23:07:31,727:INFO:create_model() successfully completed......................................
2026-06-29 23:07:31,809:INFO:Initializing create_model()
2026-06-29 23:07:31,809:INFO:create_model(self=<pycaret.regression.oop.RegressionExperiment object at 0x138baedd0>, estimator=ExtraTreesRegressor(n_jobs=-1, random_state=42), fold=KFold(n_splits=10, random_state=None, shuffle=False), round=4, cross_validation=False, predict=False, fit_kwargs={}, groups=None, refit=True, probability_threshold=None, experiment_custom_tags=None, verbose=False, system=False, add_to_model_list=True, metrics=None, display=None, model_only=True, return_train_score=False, error_score=0.0, kwargs={})
2026-06-29 23:07:31,809:INFO:Checking exceptions
2026-06-29 23:07:31,811:INFO:Importing libraries
2026-06-29 23:07:31,811:INFO:Copying training dataset
2026-06-29 23:07:31,830:INFO:Defining folds
2026-06-29 23:07:31,830:INFO:Declaring metric variables
2026-06-29 23:07:31,830:INFO:Importing untrained model
2026-06-29 23:07:31,830:INFO:Declaring custom model
2026-06-29 23:07:31,831:INFO:Extra Trees Regressor Imported successfully
2026-06-29 23:07:31,841:INFO:Cross validation set to False
2026-06-29 23:07:31,841:INFO:Fitting Model
2026-06-29 23:07:33,053:INFO:ExtraTreesRegressor(n_jobs=-1, random_state=42)
2026-06-29 23:07:33,054:INFO:create_model() successfully completed......................................
2026-06-29 23:07:33,165:INFO:_master_model_container: 18
2026-06-29 23:07:33,165:INFO:_display_container: 2
2026-06-29 23:07:33,167:INFO:[GradientBoostingRegressor(random_state=42), LGBMRegressor(n_jobs=-1, random_state=42), ExtraTreesRegressor(n_jobs=-1, random_state=42)]
2026-06-29 23:07:33,167:INFO:compare_models() successfully completed......................................
2026-06-29 23:07:33,178:INFO:Initializing create_model()
2026-06-29 23:07:33,178:INFO:create_model(self=<pycaret.regression.oop.RegressionExperiment object at 0x138baedd0>, estimator=ridge, fold=None, round=4, cross_validation=True, predict=True, fit_kwargs=None, groups=None, refit=True, probability_threshold=None, experiment_custom_tags=None, verbose=True, system=True, add_to_model_list=True, metrics=None, display=None, model_only=True, return_train_score=False, error_score=0.0, kwargs={})
2026-06-29 23:07:33,179:INFO:Checking exceptions
2026-06-29 23:07:33,229:INFO:Importing libraries
2026-06-29 23:07:33,229:INFO:Copying training dataset
2026-06-29 23:07:33,273:INFO:Defining folds
2026-06-29 23:07:33,273:INFO:Declaring metric variables
2026-06-29 23:07:33,278:INFO:Importing untrained model
2026-06-29 23:07:33,283:INFO:Ridge Regression Imported successfully
2026-06-29 23:07:33,293:INFO:Starting cross validation
2026-06-29 23:07:33,310:INFO:Cross validating with KFold(n_splits=10, random_state=None, shuffle=False), n_jobs=-1
2026-06-29 23:07:35,822:INFO:Calculating mean and std
2026-06-29 23:07:35,824:INFO:Creating metrics dataframe
2026-06-29 23:07:35,829:INFO:Finalizing model
2026-06-29 23:07:36,793:INFO:Uploading results into container
2026-06-29 23:07:36,794:INFO:Uploading model into container now
2026-06-29 23:07:36,805:INFO:_master_model_container: 19
2026-06-29 23:07:36,805:INFO:_display_container: 3
2026-06-29 23:07:36,806:INFO:Ridge(random_state=42)
2026-06-29 23:07:36,806:INFO:create_model() successfully completed......................................
2026-06-29 23:07:36,892:INFO:Initializing create_model()
2026-06-29 23:07:36,892:INFO:create_model(self=<pycaret.regression.oop.RegressionExperiment object at 0x138baedd0>, estimator=lasso, fold=None, round=4, cross_validation=True, predict=True, fit_kwargs=None, groups=None, refit=True, probability_threshold=None, experiment_custom_tags=None, verbose=True, system=True, add_to_model_list=True, metrics=None, display=None, model_only=True, return_train_score=False, error_score=0.0, kwargs={})
2026-06-29 23:07:36,892:INFO:Checking exceptions
2026-06-29 23:07:36,909:INFO:Importing libraries
2026-06-29 23:07:36,909:INFO:Copying training dataset
2026-06-29 23:07:36,931:INFO:Defining folds
2026-06-29 23:07:36,931:INFO:Declaring metric variables
2026-06-29 23:07:36,935:INFO:Importing untrained model
2026-06-29 23:07:36,939:INFO:Lasso Regression Imported successfully
2026-06-29 23:07:36,948:INFO:Starting cross validation
2026-06-29 23:07:36,961:INFO:Cross validating with KFold(n_splits=10, random_state=None, shuffle=False), n_jobs=-1
2026-06-29 23:07:39,180:INFO:Calculating mean and std
2026-06-29 23:07:39,181:INFO:Creating metrics dataframe
2026-06-29 23:07:39,186:INFO:Finalizing model
2026-06-29 23:07:40,093:INFO:Uploading results into container
2026-06-29 23:07:40,093:INFO:Uploading model into container now
2026-06-29 23:07:40,103:INFO:_master_model_container: 20
2026-06-29 23:07:40,103:INFO:_display_container: 4
2026-06-29 23:07:40,103:INFO:Lasso(random_state=42)
2026-06-29 23:07:40,104:INFO:create_model() successfully completed......................................
2026-06-29 23:07:40,178:INFO:Initializing create_model()
2026-06-29 23:07:40,179:INFO:create_model(self=<pycaret.regression.oop.RegressionExperiment object at 0x138baedd0>, estimator=en, fold=None, round=4, cross_validation=True, predict=True, fit_kwargs=None, groups=None, refit=True, probability_threshold=None, experiment_custom_tags=None, verbose=True, system=True, add_to_model_list=True, metrics=None, display=None, model_only=True, return_train_score=False, error_score=0.0, kwargs={})
2026-06-29 23:07:40,179:INFO:Checking exceptions
2026-06-29 23:07:40,194:INFO:Importing libraries
2026-06-29 23:07:40,195:INFO:Copying training dataset
2026-06-29 23:07:40,220:INFO:Defining folds
2026-06-29 23:07:40,220:INFO:Declaring metric variables
2026-06-29 23:07:40,224:INFO:Importing untrained model
2026-06-29 23:07:40,228:INFO:Elastic Net Imported successfully
2026-06-29 23:07:40,236:INFO:Starting cross validation
2026-06-29 23:07:40,252:INFO:Cross validating with KFold(n_splits=10, random_state=None, shuffle=False), n_jobs=-1
2026-06-29 23:07:42,951:INFO:Calculating mean and std
2026-06-29 23:07:42,952:INFO:Creating metrics dataframe
2026-06-29 23:07:42,958:INFO:Finalizing model
2026-06-29 23:07:43,885:INFO:Uploading results into container
2026-06-29 23:07:43,886:INFO:Uploading model into container now
2026-06-29 23:07:43,895:INFO:_master_model_container: 21
2026-06-29 23:07:43,896:INFO:_display_container: 5
2026-06-29 23:07:43,896:INFO:ElasticNet(random_state=42)
2026-06-29 23:07:43,896:INFO:create_model() successfully completed......................................
2026-06-29 23:07:43,989:INFO:Initializing tune_model()
2026-06-29 23:07:43,989:INFO:tune_model(estimator=Ridge(random_state=42), fold=None, round=4, n_iter=10, custom_grid={'alpha': [0.01, 0.1, 0.5, 1.0, 5.0, 10.0, 20.0, 30.0, 50.0, 100.0]}, optimize=R2, custom_scorer=None, search_library=scikit-learn, search_algorithm=None, early_stopping=False, early_stopping_max_iters=10, choose_better=True, fit_kwargs=None, groups=None, return_tuner=False, verbose=True, tuner_verbose=True, return_train_score=False, kwargs={}, self=<pycaret.regression.oop.RegressionExperiment object at 0x138baedd0>)
2026-06-29 23:07:43,989:INFO:Checking exceptions
2026-06-29 23:07:44,021:INFO:Copying training dataset
2026-06-29 23:07:44,041:INFO:Checking base model
2026-06-29 23:07:44,041:INFO:Base model : Ridge Regression
2026-06-29 23:07:44,045:INFO:Declaring metric variables
2026-06-29 23:07:44,048:INFO:Defining Hyperparameters
2026-06-29 23:07:44,142:INFO:custom_grid: {'actual_estimator__alpha': [0.01, 0.1, 0.5, 1.0, 5.0, 10.0, 20.0, 30.0, 50.0, 100.0]}
2026-06-29 23:07:44,143:INFO:Tuning with n_jobs=-1
2026-06-29 23:07:44,143:INFO:Initializing RandomizedSearchCV
2026-06-29 23:08:12,003:INFO:best_params: {'actual_estimator__alpha': 20.0}
2026-06-29 23:08:12,004:INFO:Hyperparameter search completed
2026-06-29 23:08:12,004:INFO:SubProcess create_model() called ==================================
2026-06-29 23:08:12,004:INFO:Initializing create_model()
2026-06-29 23:08:12,004:INFO:create_model(self=<pycaret.regression.oop.RegressionExperiment object at 0x138baedd0>, estimator=Ridge(random_state=42), fold=KFold(n_splits=10, random_state=None, shuffle=False), round=4, cross_validation=True, predict=True, fit_kwargs={}, groups=None, refit=True, probability_threshold=None, experiment_custom_tags=None, verbose=True, system=False, add_to_model_list=True, metrics=None, display=<pycaret.internal.display.display.CommonDisplay object at 0x138d7a9e0>, model_only=True, return_train_score=False, error_score=0.0, kwargs={'alpha': 20.0})
2026-06-29 23:08:12,004:INFO:Checking exceptions
2026-06-29 23:08:12,005:INFO:Importing libraries
2026-06-29 23:08:12,005:INFO:Copying training dataset
2026-06-29 23:08:12,022:INFO:Defining folds
2026-06-29 23:08:12,022:INFO:Declaring metric variables
2026-06-29 23:08:12,026:INFO:Importing untrained model
2026-06-29 23:08:12,026:INFO:Declaring custom model
2026-06-29 23:08:12,030:INFO:Ridge Regression Imported successfully
2026-06-29 23:08:12,038:INFO:Starting cross validation
2026-06-29 23:08:12,051:INFO:Cross validating with KFold(n_splits=10, random_state=None, shuffle=False), n_jobs=-1
2026-06-29 23:08:14,256:INFO:Calculating mean and std
2026-06-29 23:08:14,258:INFO:Creating metrics dataframe
2026-06-29 23:08:14,264:INFO:Finalizing model
2026-06-29 23:08:15,139:INFO:Uploading results into container
2026-06-29 23:08:15,140:INFO:Uploading model into container now
2026-06-29 23:08:15,140:INFO:_master_model_container: 22
2026-06-29 23:08:15,141:INFO:_display_container: 6
2026-06-29 23:08:15,141:INFO:Ridge(alpha=20.0, random_state=42)
2026-06-29 23:08:15,142:INFO:create_model() successfully completed......................................
2026-06-29 23:08:15,224:INFO:SubProcess create_model() end ==================================
2026-06-29 23:08:15,224:INFO:choose_better activated
2026-06-29 23:08:15,228:INFO:SubProcess create_model() called ==================================
2026-06-29 23:08:15,229:INFO:Initializing create_model()
2026-06-29 23:08:15,229:INFO:create_model(self=<pycaret.regression.oop.RegressionExperiment object at 0x138baedd0>, estimator=Ridge(random_state=42), fold=KFold(n_splits=10, random_state=None, shuffle=False), round=4, cross_validation=True, predict=True, fit_kwargs={}, groups=None, refit=True, probability_threshold=None, experiment_custom_tags=None, verbose=False, system=False, add_to_model_list=True, metrics=None, display=None, model_only=True, return_train_score=False, error_score=0.0, kwargs={})
2026-06-29 23:08:15,229:INFO:Checking exceptions
2026-06-29 23:08:15,231:INFO:Importing libraries
2026-06-29 23:08:15,232:INFO:Copying training dataset
2026-06-29 23:08:15,252:INFO:Defining folds
2026-06-29 23:08:15,252:INFO:Declaring metric variables
2026-06-29 23:08:15,252:INFO:Importing untrained model
2026-06-29 23:08:15,252:INFO:Declaring custom model
2026-06-29 23:08:15,253:INFO:Ridge Regression Imported successfully
2026-06-29 23:08:15,253:INFO:Starting cross validation
2026-06-29 23:08:15,261:INFO:Cross validating with KFold(n_splits=10, random_state=None, shuffle=False), n_jobs=-1
2026-06-29 23:08:17,390:INFO:Calculating mean and std
2026-06-29 23:08:17,391:INFO:Creating metrics dataframe
2026-06-29 23:08:17,393:INFO:Finalizing model
2026-06-29 23:08:18,240:INFO:Uploading results into container
2026-06-29 23:08:18,240:INFO:Uploading model into container now
2026-06-29 23:08:18,241:INFO:_master_model_container: 23
2026-06-29 23:08:18,241:INFO:_display_container: 7
2026-06-29 23:08:18,241:INFO:Ridge(random_state=42)
2026-06-29 23:08:18,241:INFO:create_model() successfully completed......................................
2026-06-29 23:08:18,318:INFO:SubProcess create_model() end ==================================
2026-06-29 23:08:18,318:INFO:Ridge(random_state=42) result for R2 is 0.8228
2026-06-29 23:08:18,319:INFO:Ridge(alpha=20.0, random_state=42) result for R2 is 0.842
2026-06-29 23:08:18,319:INFO:Ridge(alpha=20.0, random_state=42) is best model
2026-06-29 23:08:18,319:INFO:choose_better completed
2026-06-29 23:08:18,329:INFO:_master_model_container: 23
2026-06-29 23:08:18,330:INFO:_display_container: 6
2026-06-29 23:08:18,330:INFO:Ridge(alpha=20.0, random_state=42)
2026-06-29 23:08:18,330:INFO:tune_model() successfully completed......................................
2026-06-29 23:08:18,416:INFO:Initializing tune_model()
2026-06-29 23:08:18,416:INFO:tune_model(estimator=Lasso(random_state=42), fold=None, round=4, n_iter=10, custom_grid={'alpha': [0.0001, 0.0002, 0.0005, 0.001, 0.002, 0.005, 0.01, 0.05, 0.1, 0.5, 1.0]}, optimize=R2, custom_scorer=None, search_library=scikit-learn, search_algorithm=None, early_stopping=False, early_stopping_max_iters=10, choose_better=True, fit_kwargs=None, groups=None, return_tuner=False, verbose=True, tuner_verbose=True, return_train_score=False, kwargs={}, self=<pycaret.regression.oop.RegressionExperiment object at 0x138baedd0>)
2026-06-29 23:08:18,416:INFO:Checking exceptions
2026-06-29 23:08:18,442:INFO:Copying training dataset
2026-06-29 23:08:18,459:INFO:Checking base model
2026-06-29 23:08:18,459:INFO:Base model : Lasso Regression
2026-06-29 23:08:18,463:INFO:Declaring metric variables
2026-06-29 23:08:18,467:INFO:Defining Hyperparameters
2026-06-29 23:08:18,560:INFO:custom_grid: {'actual_estimator__alpha': [0.0001, 0.0002, 0.0005, 0.001, 0.002, 0.005, 0.01, 0.05, 0.1, 0.5, 1.0]}
2026-06-29 23:08:18,560:INFO:Tuning with n_jobs=-1
2026-06-29 23:08:18,560:INFO:Initializing RandomizedSearchCV
2026-06-29 23:08:21,481:WARNING:/Users/enrique/miniconda3/envs/regresion_env/lib/python3.10/site-packages/sklearn/linear_model/_coordinate_descent.py:678: ConvergenceWarning: Objective did not converge. You might want to increase the number of iterations, check the scale of the features or consider increasing regularisation. Duality gap: 3.037e+00, tolerance: 1.431e-02
  model = cd_fast.enet_coordinate_descent(

2026-06-29 23:08:21,507:WARNING:/Users/enrique/miniconda3/envs/regresion_env/lib/python3.10/site-packages/sklearn/linear_model/_coordinate_descent.py:678: ConvergenceWarning: Objective did not converge. You might want to increase the number of iterations, check the scale of the features or consider increasing regularisation. Duality gap: 1.503e+00, tolerance: 1.413e-02
  model = cd_fast.enet_coordinate_descent(

2026-06-29 23:08:21,654:WARNING:/Users/enrique/miniconda3/envs/regresion_env/lib/python3.10/site-packages/sklearn/linear_model/_coordinate_descent.py:678: ConvergenceWarning: Objective did not converge. You might want to increase the number of iterations, check the scale of the features or consider increasing regularisation. Duality gap: 3.150e+00, tolerance: 1.421e-02
  model = cd_fast.enet_coordinate_descent(

2026-06-29 23:08:21,709:WARNING:/Users/enrique/miniconda3/envs/regresion_env/lib/python3.10/site-packages/sklearn/linear_model/_coordinate_descent.py:678: ConvergenceWarning: Objective did not converge. You might want to increase the number of iterations, check the scale of the features or consider increasing regularisation. Duality gap: 3.494e+00, tolerance: 1.422e-02
  model = cd_fast.enet_coordinate_descent(

2026-06-29 23:08:21,711:WARNING:/Users/enrique/miniconda3/envs/regresion_env/lib/python3.10/site-packages/sklearn/linear_model/_coordinate_descent.py:678: ConvergenceWarning: Objective did not converge. You might want to increase the number of iterations, check the scale of the features or consider increasing regularisation. Duality gap: 3.463e+00, tolerance: 1.428e-02
  model = cd_fast.enet_coordinate_descent(

2026-06-29 23:08:21,781:WARNING:/Users/enrique/miniconda3/envs/regresion_env/lib/python3.10/site-packages/sklearn/linear_model/_coordinate_descent.py:678: ConvergenceWarning: Objective did not converge. You might want to increase the number of iterations, check the scale of the features or consider increasing regularisation. Duality gap: 2.279e+00, tolerance: 1.361e-02
  model = cd_fast.enet_coordinate_descent(

2026-06-29 23:08:21,853:WARNING:/Users/enrique/miniconda3/envs/regresion_env/lib/python3.10/site-packages/sklearn/linear_model/_coordinate_descent.py:678: ConvergenceWarning: Objective did not converge. You might want to increase the number of iterations, check the scale of the features or consider increasing regularisation. Duality gap: 2.396e+00, tolerance: 1.451e-02
  model = cd_fast.enet_coordinate_descent(

2026-06-29 23:08:21,867:WARNING:/Users/enrique/miniconda3/envs/regresion_env/lib/python3.10/site-packages/sklearn/linear_model/_coordinate_descent.py:678: ConvergenceWarning: Objective did not converge. You might want to increase the number of iterations, check the scale of the features or consider increasing regularisation. Duality gap: 1.740e+00, tolerance: 1.424e-02
  model = cd_fast.enet_coordinate_descent(

2026-06-29 23:08:21,932:WARNING:/Users/enrique/miniconda3/envs/regresion_env/lib/python3.10/site-packages/sklearn/linear_model/_coordinate_descent.py:678: ConvergenceWarning: Objective did not converge. You might want to increase the number of iterations, check the scale of the features or consider increasing regularisation. Duality gap: 1.654e+00, tolerance: 1.467e-02
  model = cd_fast.enet_coordinate_descent(

2026-06-29 23:08:21,934:WARNING:/Users/enrique/miniconda3/envs/regresion_env/lib/python3.10/site-packages/sklearn/linear_model/_coordinate_descent.py:678: ConvergenceWarning: Objective did not converge. You might want to increase the number of iterations, check the scale of the features or consider increasing regularisation. Duality gap: 2.942e+00, tolerance: 1.428e-02
  model = cd_fast.enet_coordinate_descent(

2026-06-29 23:08:21,959:WARNING:/Users/enrique/miniconda3/envs/regresion_env/lib/python3.10/site-packages/sklearn/linear_model/_coordinate_descent.py:678: ConvergenceWarning: Objective did not converge. You might want to increase the number of iterations, check the scale of the features or consider increasing regularisation. Duality gap: 1.687e+00, tolerance: 1.413e-02
  model = cd_fast.enet_coordinate_descent(

2026-06-29 23:08:21,983:WARNING:/Users/enrique/miniconda3/envs/regresion_env/lib/python3.10/site-packages/sklearn/linear_model/_coordinate_descent.py:678: ConvergenceWarning: Objective did not converge. You might want to increase the number of iterations, check the scale of the features or consider increasing regularisation. Duality gap: 3.507e+00, tolerance: 1.439e-02
  model = cd_fast.enet_coordinate_descent(

2026-06-29 23:08:24,864:WARNING:/Users/enrique/miniconda3/envs/regresion_env/lib/python3.10/site-packages/sklearn/linear_model/_coordinate_descent.py:678: ConvergenceWarning: Objective did not converge. You might want to increase the number of iterations, check the scale of the features or consider increasing regularisation. Duality gap: 3.569e+00, tolerance: 1.431e-02
  model = cd_fast.enet_coordinate_descent(

2026-06-29 23:08:24,965:WARNING:/Users/enrique/miniconda3/envs/regresion_env/lib/python3.10/site-packages/sklearn/linear_model/_coordinate_descent.py:678: ConvergenceWarning: Objective did not converge. You might want to increase the number of iterations, check the scale of the features or consider increasing regularisation. Duality gap: 1.679e+00, tolerance: 1.421e-02
  model = cd_fast.enet_coordinate_descent(

2026-06-29 23:08:25,489:WARNING:/Users/enrique/miniconda3/envs/regresion_env/lib/python3.10/site-packages/sklearn/linear_model/_coordinate_descent.py:678: ConvergenceWarning: Objective did not converge. You might want to increase the number of iterations, check the scale of the features or consider increasing regularisation. Duality gap: 2.012e+00, tolerance: 1.422e-02
  model = cd_fast.enet_coordinate_descent(

2026-06-29 23:08:25,502:WARNING:/Users/enrique/miniconda3/envs/regresion_env/lib/python3.10/site-packages/sklearn/linear_model/_coordinate_descent.py:678: ConvergenceWarning: Objective did not converge. You might want to increase the number of iterations, check the scale of the features or consider increasing regularisation. Duality gap: 2.682e+00, tolerance: 1.361e-02
  model = cd_fast.enet_coordinate_descent(

2026-06-29 23:08:25,546:WARNING:/Users/enrique/miniconda3/envs/regresion_env/lib/python3.10/site-packages/sklearn/linear_model/_coordinate_descent.py:678: ConvergenceWarning: Objective did not converge. You might want to increase the number of iterations, check the scale of the features or consider increasing regularisation. Duality gap: 2.393e+00, tolerance: 1.451e-02
  model = cd_fast.enet_coordinate_descent(

2026-06-29 23:08:25,659:WARNING:/Users/enrique/miniconda3/envs/regresion_env/lib/python3.10/site-packages/sklearn/linear_model/_coordinate_descent.py:678: ConvergenceWarning: Objective did not converge. You might want to increase the number of iterations, check the scale of the features or consider increasing regularisation. Duality gap: 1.179e+00, tolerance: 1.421e-02
  model = cd_fast.enet_coordinate_descent(

2026-06-29 23:08:25,729:WARNING:/Users/enrique/miniconda3/envs/regresion_env/lib/python3.10/site-packages/sklearn/linear_model/_coordinate_descent.py:678: ConvergenceWarning: Objective did not converge. You might want to increase the number of iterations, check the scale of the features or consider increasing regularisation. Duality gap: 4.001e+00, tolerance: 1.439e-02
  model = cd_fast.enet_coordinate_descent(

2026-06-29 23:08:25,867:WARNING:/Users/enrique/miniconda3/envs/regresion_env/lib/python3.10/site-packages/sklearn/linear_model/_coordinate_descent.py:678: ConvergenceWarning: Objective did not converge. You might want to increase the number of iterations, check the scale of the features or consider increasing regularisation. Duality gap: 1.956e+00, tolerance: 1.428e-02
  model = cd_fast.enet_coordinate_descent(

2026-06-29 23:08:25,871:WARNING:/Users/enrique/miniconda3/envs/regresion_env/lib/python3.10/site-packages/sklearn/linear_model/_coordinate_descent.py:678: ConvergenceWarning: Objective did not converge. You might want to increase the number of iterations, check the scale of the features or consider increasing regularisation. Duality gap: 8.287e-02, tolerance: 1.431e-02
  model = cd_fast.enet_coordinate_descent(

2026-06-29 23:08:25,882:WARNING:/Users/enrique/miniconda3/envs/regresion_env/lib/python3.10/site-packages/sklearn/linear_model/_coordinate_descent.py:678: ConvergenceWarning: Objective did not converge. You might want to increase the number of iterations, check the scale of the features or consider increasing regularisation. Duality gap: 1.061e+00, tolerance: 1.413e-02
  model = cd_fast.enet_coordinate_descent(

2026-06-29 23:08:25,882:WARNING:/Users/enrique/miniconda3/envs/regresion_env/lib/python3.10/site-packages/sklearn/linear_model/_coordinate_descent.py:678: ConvergenceWarning: Objective did not converge. You might want to increase the number of iterations, check the scale of the features or consider increasing regularisation. Duality gap: 2.199e+00, tolerance: 1.467e-02
  model = cd_fast.enet_coordinate_descent(

2026-06-29 23:08:25,886:WARNING:/Users/enrique/miniconda3/envs/regresion_env/lib/python3.10/site-packages/sklearn/linear_model/_coordinate_descent.py:678: ConvergenceWarning: Objective did not converge. You might want to increase the number of iterations, check the scale of the features or consider increasing regularisation. Duality gap: 2.237e+00, tolerance: 1.424e-02
  model = cd_fast.enet_coordinate_descent(

2026-06-29 23:08:29,050:WARNING:/Users/enrique/miniconda3/envs/regresion_env/lib/python3.10/site-packages/sklearn/linear_model/_coordinate_descent.py:678: ConvergenceWarning: Objective did not converge. You might want to increase the number of iterations, check the scale of the features or consider increasing regularisation. Duality gap: 8.987e-01, tolerance: 1.361e-02
  model = cd_fast.enet_coordinate_descent(

2026-06-29 23:08:29,080:WARNING:/Users/enrique/miniconda3/envs/regresion_env/lib/python3.10/site-packages/sklearn/linear_model/_coordinate_descent.py:678: ConvergenceWarning: Objective did not converge. You might want to increase the number of iterations, check the scale of the features or consider increasing regularisation. Duality gap: 4.564e-01, tolerance: 1.422e-02
  model = cd_fast.enet_coordinate_descent(

2026-06-29 23:08:29,991:WARNING:/Users/enrique/miniconda3/envs/regresion_env/lib/python3.10/site-packages/sklearn/linear_model/_coordinate_descent.py:678: ConvergenceWarning: Objective did not converge. You might want to increase the number of iterations, check the scale of the features or consider increasing regularisation. Duality gap: 3.320e-02, tolerance: 1.451e-02
  model = cd_fast.enet_coordinate_descent(

2026-06-29 23:08:30,001:WARNING:/Users/enrique/miniconda3/envs/regresion_env/lib/python3.10/site-packages/sklearn/linear_model/_coordinate_descent.py:678: ConvergenceWarning: Objective did not converge. You might want to increase the number of iterations, check the scale of the features or consider increasing regularisation. Duality gap: 4.976e-01, tolerance: 1.467e-02
  model = cd_fast.enet_coordinate_descent(

2026-06-29 23:08:30,006:WARNING:/Users/enrique/miniconda3/envs/regresion_env/lib/python3.10/site-packages/sklearn/linear_model/_coordinate_descent.py:678: ConvergenceWarning: Objective did not converge. You might want to increase the number of iterations, check the scale of the features or consider increasing regularisation. Duality gap: 5.550e-01, tolerance: 1.424e-02
  model = cd_fast.enet_coordinate_descent(

2026-06-29 23:08:30,289:WARNING:/Users/enrique/miniconda3/envs/regresion_env/lib/python3.10/site-packages/sklearn/linear_model/_coordinate_descent.py:678: ConvergenceWarning: Objective did not converge. You might want to increase the number of iterations, check the scale of the features or consider increasing regularisation. Duality gap: 1.275e-01, tolerance: 1.421e-02
  model = cd_fast.enet_coordinate_descent(

2026-06-29 23:08:30,333:WARNING:/Users/enrique/miniconda3/envs/regresion_env/lib/python3.10/site-packages/sklearn/linear_model/_coordinate_descent.py:678: ConvergenceWarning: Objective did not converge. You might want to increase the number of iterations, check the scale of the features or consider increasing regularisation. Duality gap: 1.794e-01, tolerance: 1.422e-02
  model = cd_fast.enet_coordinate_descent(

2026-06-29 23:08:30,381:WARNING:/Users/enrique/miniconda3/envs/regresion_env/lib/python3.10/site-packages/sklearn/linear_model/_coordinate_descent.py:678: ConvergenceWarning: Objective did not converge. You might want to increase the number of iterations, check the scale of the features or consider increasing regularisation. Duality gap: 5.730e-02, tolerance: 1.361e-02
  model = cd_fast.enet_coordinate_descent(

2026-06-29 23:08:33,082:WARNING:/Users/enrique/miniconda3/envs/regresion_env/lib/python3.10/site-packages/sklearn/linear_model/_coordinate_descent.py:678: ConvergenceWarning: Objective did not converge. You might want to increase the number of iterations, check the scale of the features or consider increasing regularisation. Duality gap: 2.387e-01, tolerance: 1.451e-02
  model = cd_fast.enet_coordinate_descent(

2026-06-29 23:08:33,911:WARNING:/Users/enrique/miniconda3/envs/regresion_env/lib/python3.10/site-packages/sklearn/linear_model/_coordinate_descent.py:678: ConvergenceWarning: Objective did not converge. You might want to increase the number of iterations, check the scale of the features or consider increasing regularisation. Duality gap: 1.451e-01, tolerance: 1.421e-02
  model = cd_fast.enet_coordinate_descent(

2026-06-29 23:08:37,488:WARNING:/Users/enrique/miniconda3/envs/regresion_env/lib/python3.10/site-packages/sklearn/linear_model/_coordinate_descent.py:678: ConvergenceWarning: Objective did not converge. You might want to increase the number of iterations, check the scale of the features or consider increasing regularisation. Duality gap: 2.322e-01, tolerance: 1.421e-02
  model = cd_fast.enet_coordinate_descent(

2026-06-29 23:08:37,742:WARNING:/Users/enrique/miniconda3/envs/regresion_env/lib/python3.10/site-packages/sklearn/linear_model/_coordinate_descent.py:678: ConvergenceWarning: Objective did not converge. You might want to increase the number of iterations, check the scale of the features or consider increasing regularisation. Duality gap: 3.793e-02, tolerance: 1.361e-02
  model = cd_fast.enet_coordinate_descent(

2026-06-29 23:08:37,746:WARNING:/Users/enrique/miniconda3/envs/regresion_env/lib/python3.10/site-packages/sklearn/linear_model/_coordinate_descent.py:678: ConvergenceWarning: Objective did not converge. You might want to increase the number of iterations, check the scale of the features or consider increasing regularisation. Duality gap: 6.948e-02, tolerance: 1.428e-02
  model = cd_fast.enet_coordinate_descent(

2026-06-29 23:08:49,597:INFO:best_params: {'actual_estimator__alpha': 0.0005}
2026-06-29 23:08:49,598:INFO:Hyperparameter search completed
2026-06-29 23:08:49,598:INFO:SubProcess create_model() called ==================================
2026-06-29 23:08:49,599:INFO:Initializing create_model()
2026-06-29 23:08:49,599:INFO:create_model(self=<pycaret.regression.oop.RegressionExperiment object at 0x138baedd0>, estimator=Lasso(random_state=42), fold=KFold(n_splits=10, random_state=None, shuffle=False), round=4, cross_validation=True, predict=True, fit_kwargs={}, groups=None, refit=True, probability_threshold=None, experiment_custom_tags=None, verbose=True, system=False, add_to_model_list=True, metrics=None, display=<pycaret.internal.display.display.CommonDisplay object at 0x138d7a9e0>, model_only=True, return_train_score=False, error_score=0.0, kwargs={'alpha': 0.0005})
2026-06-29 23:08:49,599:INFO:Checking exceptions
2026-06-29 23:08:49,599:INFO:Importing libraries
2026-06-29 23:08:49,599:INFO:Copying training dataset
2026-06-29 23:08:49,614:INFO:Defining folds
2026-06-29 23:08:49,614:INFO:Declaring metric variables
2026-06-29 23:08:49,618:INFO:Importing untrained model
2026-06-29 23:08:49,619:INFO:Declaring custom model
2026-06-29 23:08:49,622:INFO:Lasso Regression Imported successfully
2026-06-29 23:08:49,628:INFO:Starting cross validation
2026-06-29 23:08:49,638:INFO:Cross validating with KFold(n_splits=10, random_state=None, shuffle=False), n_jobs=-1
2026-06-29 23:08:52,200:WARNING:/Users/enrique/miniconda3/envs/regresion_env/lib/python3.10/site-packages/sklearn/linear_model/_coordinate_descent.py:678: ConvergenceWarning: Objective did not converge. You might want to increase the number of iterations, check the scale of the features or consider increasing regularisation. Duality gap: 1.179e+00, tolerance: 1.421e-02
  model = cd_fast.enet_coordinate_descent(

2026-06-29 23:08:52,249:WARNING:/Users/enrique/miniconda3/envs/regresion_env/lib/python3.10/site-packages/sklearn/linear_model/_coordinate_descent.py:678: ConvergenceWarning: Objective did not converge. You might want to increase the number of iterations, check the scale of the features or consider increasing regularisation. Duality gap: 1.956e+00, tolerance: 1.428e-02
  model = cd_fast.enet_coordinate_descent(

2026-06-29 23:08:52,350:WARNING:/Users/enrique/miniconda3/envs/regresion_env/lib/python3.10/site-packages/sklearn/linear_model/_coordinate_descent.py:678: ConvergenceWarning: Objective did not converge. You might want to increase the number of iterations, check the scale of the features or consider increasing regularisation. Duality gap: 1.061e+00, tolerance: 1.413e-02
  model = cd_fast.enet_coordinate_descent(

2026-06-29 23:08:52,356:WARNING:/Users/enrique/miniconda3/envs/regresion_env/lib/python3.10/site-packages/sklearn/linear_model/_coordinate_descent.py:678: ConvergenceWarning: Objective did not converge. You might want to increase the number of iterations, check the scale of the features or consider increasing regularisation. Duality gap: 8.287e-02, tolerance: 1.431e-02
  model = cd_fast.enet_coordinate_descent(

2026-06-29 23:08:52,452:WARNING:/Users/enrique/miniconda3/envs/regresion_env/lib/python3.10/site-packages/sklearn/linear_model/_coordinate_descent.py:678: ConvergenceWarning: Objective did not converge. You might want to increase the number of iterations, check the scale of the features or consider increasing regularisation. Duality gap: 8.987e-01, tolerance: 1.361e-02
  model = cd_fast.enet_coordinate_descent(

2026-06-29 23:08:52,528:WARNING:/Users/enrique/miniconda3/envs/regresion_env/lib/python3.10/site-packages/sklearn/linear_model/_coordinate_descent.py:678: ConvergenceWarning: Objective did not converge. You might want to increase the number of iterations, check the scale of the features or consider increasing regularisation. Duality gap: 4.976e-01, tolerance: 1.467e-02
  model = cd_fast.enet_coordinate_descent(

2026-06-29 23:08:52,546:WARNING:/Users/enrique/miniconda3/envs/regresion_env/lib/python3.10/site-packages/sklearn/linear_model/_coordinate_descent.py:678: ConvergenceWarning: Objective did not converge. You might want to increase the number of iterations, check the scale of the features or consider increasing regularisation. Duality gap: 4.564e-01, tolerance: 1.422e-02
  model = cd_fast.enet_coordinate_descent(

2026-06-29 23:08:52,557:WARNING:/Users/enrique/miniconda3/envs/regresion_env/lib/python3.10/site-packages/sklearn/linear_model/_coordinate_descent.py:678: ConvergenceWarning: Objective did not converge. You might want to increase the number of iterations, check the scale of the features or consider increasing regularisation. Duality gap: 3.320e-02, tolerance: 1.451e-02
  model = cd_fast.enet_coordinate_descent(

2026-06-29 23:08:52,582:WARNING:/Users/enrique/miniconda3/envs/regresion_env/lib/python3.10/site-packages/sklearn/linear_model/_coordinate_descent.py:678: ConvergenceWarning: Objective did not converge. You might want to increase the number of iterations, check the scale of the features or consider increasing regularisation. Duality gap: 5.550e-01, tolerance: 1.424e-02
  model = cd_fast.enet_coordinate_descent(

2026-06-29 23:08:53,003:INFO:Calculating mean and std
2026-06-29 23:08:53,004:INFO:Creating metrics dataframe
2026-06-29 23:08:53,013:INFO:Finalizing model
2026-06-29 23:08:54,891:INFO:Uploading results into container
2026-06-29 23:08:54,893:INFO:Uploading model into container now
2026-06-29 23:08:54,894:INFO:_master_model_container: 24
2026-06-29 23:08:54,894:INFO:_display_container: 7
2026-06-29 23:08:54,894:INFO:Lasso(alpha=0.0005, random_state=42)
2026-06-29 23:08:54,895:INFO:create_model() successfully completed......................................
2026-06-29 23:08:54,995:INFO:SubProcess create_model() end ==================================
2026-06-29 23:08:54,996:INFO:choose_better activated
2026-06-29 23:08:55,001:INFO:SubProcess create_model() called ==================================
2026-06-29 23:08:55,002:INFO:Initializing create_model()
2026-06-29 23:08:55,002:INFO:create_model(self=<pycaret.regression.oop.RegressionExperiment object at 0x138baedd0>, estimator=Lasso(random_state=42), fold=KFold(n_splits=10, random_state=None, shuffle=False), round=4, cross_validation=True, predict=True, fit_kwargs={}, groups=None, refit=True, probability_threshold=None, experiment_custom_tags=None, verbose=False, system=False, add_to_model_list=True, metrics=None, display=None, model_only=True, return_train_score=False, error_score=0.0, kwargs={})
2026-06-29 23:08:55,003:INFO:Checking exceptions
2026-06-29 23:08:55,005:INFO:Importing libraries
2026-06-29 23:08:55,006:INFO:Copying training dataset
2026-06-29 23:08:55,036:INFO:Defining folds
2026-06-29 23:08:55,036:INFO:Declaring metric variables
2026-06-29 23:08:55,037:INFO:Importing untrained model
2026-06-29 23:08:55,037:INFO:Declaring custom model
2026-06-29 23:08:55,038:INFO:Lasso Regression Imported successfully
2026-06-29 23:08:55,038:INFO:Starting cross validation
2026-06-29 23:08:55,055:INFO:Cross validating with KFold(n_splits=10, random_state=None, shuffle=False), n_jobs=-1
2026-06-29 23:08:58,264:INFO:Calculating mean and std
2026-06-29 23:08:58,264:INFO:Creating metrics dataframe
2026-06-29 23:08:58,267:INFO:Finalizing model
2026-06-29 23:08:59,894:INFO:Uploading results into container
2026-06-29 23:08:59,895:INFO:Uploading model into container now
2026-06-29 23:08:59,895:INFO:_master_model_container: 25
2026-06-29 23:08:59,896:INFO:_display_container: 8
2026-06-29 23:08:59,896:INFO:Lasso(random_state=42)
2026-06-29 23:08:59,896:INFO:create_model() successfully completed......................................
2026-06-29 23:08:59,994:INFO:SubProcess create_model() end ==================================
2026-06-29 23:08:59,995:INFO:Lasso(random_state=42) result for R2 is 0.017
2026-06-29 23:08:59,995:INFO:Lasso(alpha=0.0005, random_state=42) result for R2 is 0.8514
2026-06-29 23:08:59,996:INFO:Lasso(alpha=0.0005, random_state=42) is best model
2026-06-29 23:08:59,996:INFO:choose_better completed
2026-06-29 23:09:00,012:INFO:_master_model_container: 25
2026-06-29 23:09:00,012:INFO:_display_container: 7
2026-06-29 23:09:00,013:INFO:Lasso(alpha=0.0005, random_state=42)
2026-06-29 23:09:00,013:INFO:tune_model() successfully completed......................................
2026-06-29 23:09:00,114:INFO:Initializing tune_model()
2026-06-29 23:09:00,114:INFO:tune_model(estimator=ElasticNet(random_state=42), fold=None, round=4, n_iter=10, custom_grid={'alpha': [0.0001, 0.0005, 0.001, 0.005, 0.01, 0.05, 0.1, 0.5, 1.0], 'l1_ratio': [0.1, 0.3, 0.5, 0.7, 0.8, 0.9, 0.95]}, optimize=R2, custom_scorer=None, search_library=scikit-learn, search_algorithm=None, early_stopping=False, early_stopping_max_iters=10, choose_better=True, fit_kwargs=None, groups=None, return_tuner=False, verbose=True, tuner_verbose=True, return_train_score=False, kwargs={}, self=<pycaret.regression.oop.RegressionExperiment object at 0x138baedd0>)
2026-06-29 23:09:00,115:INFO:Checking exceptions
2026-06-29 23:09:00,149:INFO:Copying training dataset
2026-06-29 23:09:00,176:INFO:Checking base model
2026-06-29 23:09:00,176:INFO:Base model : Elastic Net
2026-06-29 23:09:00,182:INFO:Declaring metric variables
2026-06-29 23:09:00,188:INFO:Defining Hyperparameters
2026-06-29 23:09:00,307:INFO:custom_grid: {'actual_estimator__alpha': [0.0001, 0.0005, 0.001, 0.005, 0.01, 0.05, 0.1, 0.5, 1.0], 'actual_estimator__l1_ratio': [0.1, 0.3, 0.5, 0.7, 0.8, 0.9, 0.95]}
2026-06-29 23:09:00,307:INFO:Tuning with n_jobs=-1
2026-06-29 23:09:00,307:INFO:Initializing RandomizedSearchCV
2026-06-29 23:09:03,359:WARNING:/Users/enrique/miniconda3/envs/regresion_env/lib/python3.10/site-packages/sklearn/linear_model/_coordinate_descent.py:678: ConvergenceWarning: Objective did not converge. You might want to increase the number of iterations, check the scale of the features or consider increasing regularisation. Duality gap: 4.048e+00, tolerance: 1.428e-02
  model = cd_fast.enet_coordinate_descent(

2026-06-29 23:09:03,365:WARNING:/Users/enrique/miniconda3/envs/regresion_env/lib/python3.10/site-packages/sklearn/linear_model/_coordinate_descent.py:678: ConvergenceWarning: Objective did not converge. You might want to increase the number of iterations, check the scale of the features or consider increasing regularisation. Duality gap: 3.988e+00, tolerance: 1.413e-02
  model = cd_fast.enet_coordinate_descent(

2026-06-29 23:09:05,586:WARNING:/Users/enrique/miniconda3/envs/regresion_env/lib/python3.10/site-packages/sklearn/linear_model/_coordinate_descent.py:678: ConvergenceWarning: Objective did not converge. You might want to increase the number of iterations, check the scale of the features or consider increasing regularisation. Duality gap: 3.631e+00, tolerance: 1.431e-02
  model = cd_fast.enet_coordinate_descent(

2026-06-29 23:09:05,721:WARNING:/Users/enrique/miniconda3/envs/regresion_env/lib/python3.10/site-packages/sklearn/linear_model/_coordinate_descent.py:678: ConvergenceWarning: Objective did not converge. You might want to increase the number of iterations, check the scale of the features or consider increasing regularisation. Duality gap: 3.689e+00, tolerance: 1.421e-02
  model = cd_fast.enet_coordinate_descent(

2026-06-29 23:09:05,893:WARNING:/Users/enrique/miniconda3/envs/regresion_env/lib/python3.10/site-packages/sklearn/linear_model/_coordinate_descent.py:678: ConvergenceWarning: Objective did not converge. You might want to increase the number of iterations, check the scale of the features or consider increasing regularisation. Duality gap: 3.780e+00, tolerance: 1.422e-02
  model = cd_fast.enet_coordinate_descent(

2026-06-29 23:09:05,937:WARNING:/Users/enrique/miniconda3/envs/regresion_env/lib/python3.10/site-packages/sklearn/linear_model/_coordinate_descent.py:678: ConvergenceWarning: Objective did not converge. You might want to increase the number of iterations, check the scale of the features or consider increasing regularisation. Duality gap: 4.382e+00, tolerance: 1.361e-02
  model = cd_fast.enet_coordinate_descent(

2026-06-29 23:09:05,951:WARNING:/Users/enrique/miniconda3/envs/regresion_env/lib/python3.10/site-packages/sklearn/linear_model/_coordinate_descent.py:678: ConvergenceWarning: Objective did not converge. You might want to increase the number of iterations, check the scale of the features or consider increasing regularisation. Duality gap: 4.624e+00, tolerance: 1.451e-02
  model = cd_fast.enet_coordinate_descent(

2026-06-29 23:09:05,988:WARNING:/Users/enrique/miniconda3/envs/regresion_env/lib/python3.10/site-packages/sklearn/linear_model/_coordinate_descent.py:678: ConvergenceWarning: Objective did not converge. You might want to increase the number of iterations, check the scale of the features or consider increasing regularisation. Duality gap: 4.267e+00, tolerance: 1.424e-02
  model = cd_fast.enet_coordinate_descent(

2026-06-29 23:09:05,997:WARNING:/Users/enrique/miniconda3/envs/regresion_env/lib/python3.10/site-packages/sklearn/linear_model/_coordinate_descent.py:678: ConvergenceWarning: Objective did not converge. You might want to increase the number of iterations, check the scale of the features or consider increasing regularisation. Duality gap: 3.562e+00, tolerance: 1.467e-02
  model = cd_fast.enet_coordinate_descent(

2026-06-29 23:09:06,010:WARNING:/Users/enrique/miniconda3/envs/regresion_env/lib/python3.10/site-packages/sklearn/linear_model/_coordinate_descent.py:678: ConvergenceWarning: Objective did not converge. You might want to increase the number of iterations, check the scale of the features or consider increasing regularisation. Duality gap: 3.916e+00, tolerance: 1.439e-02
  model = cd_fast.enet_coordinate_descent(

2026-06-29 23:09:08,907:WARNING:/Users/enrique/miniconda3/envs/regresion_env/lib/python3.10/site-packages/sklearn/linear_model/_coordinate_descent.py:678: ConvergenceWarning: Objective did not converge. You might want to increase the number of iterations, check the scale of the features or consider increasing regularisation. Duality gap: 1.536e+00, tolerance: 1.413e-02
  model = cd_fast.enet_coordinate_descent(

2026-06-29 23:09:08,957:WARNING:/Users/enrique/miniconda3/envs/regresion_env/lib/python3.10/site-packages/sklearn/linear_model/_coordinate_descent.py:678: ConvergenceWarning: Objective did not converge. You might want to increase the number of iterations, check the scale of the features or consider increasing regularisation. Duality gap: 3.512e+00, tolerance: 1.421e-02
  model = cd_fast.enet_coordinate_descent(

2026-06-29 23:09:09,005:WARNING:/Users/enrique/miniconda3/envs/regresion_env/lib/python3.10/site-packages/sklearn/linear_model/_coordinate_descent.py:678: ConvergenceWarning: Objective did not converge. You might want to increase the number of iterations, check the scale of the features or consider increasing regularisation. Duality gap: 1.563e+00, tolerance: 1.428e-02
  model = cd_fast.enet_coordinate_descent(

2026-06-29 23:09:09,054:WARNING:/Users/enrique/miniconda3/envs/regresion_env/lib/python3.10/site-packages/sklearn/linear_model/_coordinate_descent.py:678: ConvergenceWarning: Objective did not converge. You might want to increase the number of iterations, check the scale of the features or consider increasing regularisation. Duality gap: 1.355e+00, tolerance: 1.431e-02
  model = cd_fast.enet_coordinate_descent(

2026-06-29 23:09:09,102:WARNING:/Users/enrique/miniconda3/envs/regresion_env/lib/python3.10/site-packages/sklearn/linear_model/_coordinate_descent.py:678: ConvergenceWarning: Objective did not converge. You might want to increase the number of iterations, check the scale of the features or consider increasing regularisation. Duality gap: 2.346e+00, tolerance: 1.422e-02
  model = cd_fast.enet_coordinate_descent(

2026-06-29 23:09:09,129:WARNING:/Users/enrique/miniconda3/envs/regresion_env/lib/python3.10/site-packages/sklearn/linear_model/_coordinate_descent.py:678: ConvergenceWarning: Objective did not converge. You might want to increase the number of iterations, check the scale of the features or consider increasing regularisation. Duality gap: 2.539e+00, tolerance: 1.361e-02
  model = cd_fast.enet_coordinate_descent(

2026-06-29 23:09:10,965:WARNING:/Users/enrique/miniconda3/envs/regresion_env/lib/python3.10/site-packages/sklearn/linear_model/_coordinate_descent.py:678: ConvergenceWarning: Objective did not converge. You might want to increase the number of iterations, check the scale of the features or consider increasing regularisation. Duality gap: 2.868e+00, tolerance: 1.451e-02
  model = cd_fast.enet_coordinate_descent(

2026-06-29 23:09:11,058:WARNING:/Users/enrique/miniconda3/envs/regresion_env/lib/python3.10/site-packages/sklearn/linear_model/_coordinate_descent.py:678: ConvergenceWarning: Objective did not converge. You might want to increase the number of iterations, check the scale of the features or consider increasing regularisation. Duality gap: 1.981e+00, tolerance: 1.424e-02
  model = cd_fast.enet_coordinate_descent(

2026-06-29 23:09:11,112:WARNING:/Users/enrique/miniconda3/envs/regresion_env/lib/python3.10/site-packages/sklearn/linear_model/_coordinate_descent.py:678: ConvergenceWarning: Objective did not converge. You might want to increase the number of iterations, check the scale of the features or consider increasing regularisation. Duality gap: 2.941e+00, tolerance: 1.467e-02
  model = cd_fast.enet_coordinate_descent(

2026-06-29 23:09:11,227:WARNING:/Users/enrique/miniconda3/envs/regresion_env/lib/python3.10/site-packages/sklearn/linear_model/_coordinate_descent.py:678: ConvergenceWarning: Objective did not converge. You might want to increase the number of iterations, check the scale of the features or consider increasing regularisation. Duality gap: 2.626e+00, tolerance: 1.439e-02
  model = cd_fast.enet_coordinate_descent(

2026-06-29 23:09:14,416:WARNING:/Users/enrique/miniconda3/envs/regresion_env/lib/python3.10/site-packages/sklearn/linear_model/_coordinate_descent.py:678: ConvergenceWarning: Objective did not converge. You might want to increase the number of iterations, check the scale of the features or consider increasing regularisation. Duality gap: 8.067e-01, tolerance: 1.428e-02
  model = cd_fast.enet_coordinate_descent(

2026-06-29 23:09:14,758:WARNING:/Users/enrique/miniconda3/envs/regresion_env/lib/python3.10/site-packages/sklearn/linear_model/_coordinate_descent.py:678: ConvergenceWarning: Objective did not converge. You might want to increase the number of iterations, check the scale of the features or consider increasing regularisation. Duality gap: 2.786e-01, tolerance: 1.421e-02
  model = cd_fast.enet_coordinate_descent(

2026-06-29 23:09:15,481:WARNING:/Users/enrique/miniconda3/envs/regresion_env/lib/python3.10/site-packages/sklearn/linear_model/_coordinate_descent.py:678: ConvergenceWarning: Objective did not converge. You might want to increase the number of iterations, check the scale of the features or consider increasing regularisation. Duality gap: 7.983e-02, tolerance: 1.361e-02
  model = cd_fast.enet_coordinate_descent(

2026-06-29 23:09:15,585:WARNING:/Users/enrique/miniconda3/envs/regresion_env/lib/python3.10/site-packages/sklearn/linear_model/_coordinate_descent.py:678: ConvergenceWarning: Objective did not converge. You might want to increase the number of iterations, check the scale of the features or consider increasing regularisation. Duality gap: 5.051e-02, tolerance: 1.451e-02
  model = cd_fast.enet_coordinate_descent(

2026-06-29 23:09:15,611:WARNING:/Users/enrique/miniconda3/envs/regresion_env/lib/python3.10/site-packages/sklearn/linear_model/_coordinate_descent.py:678: ConvergenceWarning: Objective did not converge. You might want to increase the number of iterations, check the scale of the features or consider increasing regularisation. Duality gap: 4.009e-02, tolerance: 1.467e-02
  model = cd_fast.enet_coordinate_descent(

2026-06-29 23:09:15,668:WARNING:/Users/enrique/miniconda3/envs/regresion_env/lib/python3.10/site-packages/sklearn/linear_model/_coordinate_descent.py:678: ConvergenceWarning: Objective did not converge. You might want to increase the number of iterations, check the scale of the features or consider increasing regularisation. Duality gap: 7.822e-02, tolerance: 1.424e-02
  model = cd_fast.enet_coordinate_descent(

2026-06-29 23:09:23,284:WARNING:/Users/enrique/miniconda3/envs/regresion_env/lib/python3.10/site-packages/sklearn/linear_model/_coordinate_descent.py:678: ConvergenceWarning: Objective did not converge. You might want to increase the number of iterations, check the scale of the features or consider increasing regularisation. Duality gap: 1.658e-01, tolerance: 1.421e-02
  model = cd_fast.enet_coordinate_descent(

2026-06-29 23:09:24,306:WARNING:/Users/enrique/miniconda3/envs/regresion_env/lib/python3.10/site-packages/sklearn/linear_model/_coordinate_descent.py:678: ConvergenceWarning: Objective did not converge. You might want to increase the number of iterations, check the scale of the features or consider increasing regularisation. Duality gap: 1.121e-01, tolerance: 1.451e-02
  model = cd_fast.enet_coordinate_descent(

2026-06-29 23:09:24,523:WARNING:/Users/enrique/miniconda3/envs/regresion_env/lib/python3.10/site-packages/sklearn/linear_model/_coordinate_descent.py:678: ConvergenceWarning: Objective did not converge. You might want to increase the number of iterations, check the scale of the features or consider increasing regularisation. Duality gap: 9.173e-02, tolerance: 1.422e-02
  model = cd_fast.enet_coordinate_descent(

2026-06-29 23:09:34,672:INFO:best_params: {'actual_estimator__l1_ratio': 0.8, 'actual_estimator__alpha': 0.001}
2026-06-29 23:09:34,674:INFO:Hyperparameter search completed
2026-06-29 23:09:34,674:INFO:SubProcess create_model() called ==================================
2026-06-29 23:09:34,675:INFO:Initializing create_model()
2026-06-29 23:09:34,675:INFO:create_model(self=<pycaret.regression.oop.RegressionExperiment object at 0x138baedd0>, estimator=ElasticNet(random_state=42), fold=KFold(n_splits=10, random_state=None, shuffle=False), round=4, cross_validation=True, predict=True, fit_kwargs={}, groups=None, refit=True, probability_threshold=None, experiment_custom_tags=None, verbose=True, system=False, add_to_model_list=True, metrics=None, display=<pycaret.internal.display.display.CommonDisplay object at 0x138acb760>, model_only=True, return_train_score=False, error_score=0.0, kwargs={'l1_ratio': 0.8, 'alpha': 0.001})
2026-06-29 23:09:34,675:INFO:Checking exceptions
2026-06-29 23:09:34,675:INFO:Importing libraries
2026-06-29 23:09:34,675:INFO:Copying training dataset
2026-06-29 23:09:34,710:INFO:Defining folds
2026-06-29 23:09:34,710:INFO:Declaring metric variables
2026-06-29 23:09:34,716:INFO:Importing untrained model
2026-06-29 23:09:34,717:INFO:Declaring custom model
2026-06-29 23:09:34,723:INFO:Elastic Net Imported successfully
2026-06-29 23:09:34,745:INFO:Starting cross validation
2026-06-29 23:09:34,765:INFO:Cross validating with KFold(n_splits=10, random_state=None, shuffle=False), n_jobs=-1
2026-06-29 23:09:40,272:WARNING:/Users/enrique/miniconda3/envs/regresion_env/lib/python3.10/site-packages/sklearn/linear_model/_coordinate_descent.py:678: ConvergenceWarning: Objective did not converge. You might want to increase the number of iterations, check the scale of the features or consider increasing regularisation. Duality gap: 8.067e-01, tolerance: 1.428e-02
  model = cd_fast.enet_coordinate_descent(

2026-06-29 23:09:40,275:WARNING:/Users/enrique/miniconda3/envs/regresion_env/lib/python3.10/site-packages/sklearn/linear_model/_coordinate_descent.py:678: ConvergenceWarning: Objective did not converge. You might want to increase the number of iterations, check the scale of the features or consider increasing regularisation. Duality gap: 2.786e-01, tolerance: 1.421e-02
  model = cd_fast.enet_coordinate_descent(

2026-06-29 23:09:40,472:WARNING:/Users/enrique/miniconda3/envs/regresion_env/lib/python3.10/site-packages/sklearn/linear_model/_coordinate_descent.py:678: ConvergenceWarning: Objective did not converge. You might want to increase the number of iterations, check the scale of the features or consider increasing regularisation. Duality gap: 7.983e-02, tolerance: 1.361e-02
  model = cd_fast.enet_coordinate_descent(

2026-06-29 23:09:40,507:WARNING:/Users/enrique/miniconda3/envs/regresion_env/lib/python3.10/site-packages/sklearn/linear_model/_coordinate_descent.py:678: ConvergenceWarning: Objective did not converge. You might want to increase the number of iterations, check the scale of the features or consider increasing regularisation. Duality gap: 4.009e-02, tolerance: 1.467e-02
  model = cd_fast.enet_coordinate_descent(

2026-06-29 23:09:40,515:WARNING:/Users/enrique/miniconda3/envs/regresion_env/lib/python3.10/site-packages/sklearn/linear_model/_coordinate_descent.py:678: ConvergenceWarning: Objective did not converge. You might want to increase the number of iterations, check the scale of the features or consider increasing regularisation. Duality gap: 7.822e-02, tolerance: 1.424e-02
  model = cd_fast.enet_coordinate_descent(

2026-06-29 23:09:40,568:WARNING:/Users/enrique/miniconda3/envs/regresion_env/lib/python3.10/site-packages/sklearn/linear_model/_coordinate_descent.py:678: ConvergenceWarning: Objective did not converge. You might want to increase the number of iterations, check the scale of the features or consider increasing regularisation. Duality gap: 5.051e-02, tolerance: 1.451e-02
  model = cd_fast.enet_coordinate_descent(

2026-06-29 23:09:41,349:INFO:Calculating mean and std
2026-06-29 23:09:41,355:INFO:Creating metrics dataframe
2026-06-29 23:09:41,394:INFO:Finalizing model
2026-06-29 23:09:45,447:INFO:Uploading results into container
2026-06-29 23:09:45,449:INFO:Uploading model into container now
2026-06-29 23:09:45,450:INFO:_master_model_container: 26
2026-06-29 23:09:45,450:INFO:_display_container: 8
2026-06-29 23:09:45,452:INFO:ElasticNet(alpha=0.001, l1_ratio=0.8, random_state=42)
2026-06-29 23:09:45,452:INFO:create_model() successfully completed......................................
2026-06-29 23:09:45,575:INFO:SubProcess create_model() end ==================================
2026-06-29 23:09:45,576:INFO:choose_better activated
2026-06-29 23:09:45,581:INFO:SubProcess create_model() called ==================================
2026-06-29 23:09:45,582:INFO:Initializing create_model()
2026-06-29 23:09:45,582:INFO:create_model(self=<pycaret.regression.oop.RegressionExperiment object at 0x138baedd0>, estimator=ElasticNet(random_state=42), fold=KFold(n_splits=10, random_state=None, shuffle=False), round=4, cross_validation=True, predict=True, fit_kwargs={}, groups=None, refit=True, probability_threshold=None, experiment_custom_tags=None, verbose=False, system=False, add_to_model_list=True, metrics=None, display=None, model_only=True, return_train_score=False, error_score=0.0, kwargs={})
2026-06-29 23:09:45,582:INFO:Checking exceptions
2026-06-29 23:09:45,585:INFO:Importing libraries
2026-06-29 23:09:45,585:INFO:Copying training dataset
2026-06-29 23:09:45,624:INFO:Defining folds
2026-06-29 23:09:45,624:INFO:Declaring metric variables
2026-06-29 23:09:45,624:INFO:Importing untrained model
2026-06-29 23:09:45,624:INFO:Declaring custom model
2026-06-29 23:09:45,625:INFO:Elastic Net Imported successfully
2026-06-29 23:09:45,626:INFO:Starting cross validation
2026-06-29 23:09:45,646:INFO:Cross validating with KFold(n_splits=10, random_state=None, shuffle=False), n_jobs=-1
2026-06-29 23:09:49,839:INFO:Calculating mean and std
2026-06-29 23:09:49,841:INFO:Creating metrics dataframe
2026-06-29 23:09:49,846:INFO:Finalizing model
2026-06-29 23:09:52,264:INFO:Uploading results into container
2026-06-29 23:09:52,266:INFO:Uploading model into container now
2026-06-29 23:09:52,267:INFO:_master_model_container: 27
2026-06-29 23:09:52,268:INFO:_display_container: 9
2026-06-29 23:09:52,268:INFO:ElasticNet(random_state=42)
2026-06-29 23:09:52,269:INFO:create_model() successfully completed......................................
2026-06-29 23:09:52,445:INFO:SubProcess create_model() end ==================================
2026-06-29 23:09:52,447:INFO:ElasticNet(random_state=42) result for R2 is 0.0246
2026-06-29 23:09:52,448:INFO:ElasticNet(alpha=0.001, l1_ratio=0.8, random_state=42) result for R2 is 0.8455
2026-06-29 23:09:52,450:INFO:ElasticNet(alpha=0.001, l1_ratio=0.8, random_state=42) is best model
2026-06-29 23:09:52,450:INFO:choose_better completed
2026-06-29 23:09:52,478:INFO:_master_model_container: 27
2026-06-29 23:09:52,478:INFO:_display_container: 8
2026-06-29 23:09:52,479:INFO:ElasticNet(alpha=0.001, l1_ratio=0.8, random_state=42)
2026-06-29 23:09:52,479:INFO:tune_model() successfully completed......................................
2026-06-29 23:09:52,712:INFO:Initializing tune_model()
2026-06-29 23:09:52,712:INFO:tune_model(estimator=GradientBoostingRegressor(random_state=42), fold=None, round=4, n_iter=10, custom_grid=None, optimize=R2, custom_scorer=None, search_library=scikit-learn, search_algorithm=None, early_stopping=False, early_stopping_max_iters=10, choose_better=True, fit_kwargs=None, groups=None, return_tuner=False, verbose=True, tuner_verbose=True, return_train_score=False, kwargs={}, self=<pycaret.regression.oop.RegressionExperiment object at 0x138baedd0>)
2026-06-29 23:09:52,712:INFO:Checking exceptions
2026-06-29 23:09:52,846:INFO:Copying training dataset
2026-06-29 23:09:52,887:INFO:Checking base model
2026-06-29 23:09:52,888:INFO:Base model : Gradient Boosting Regressor
2026-06-29 23:09:52,899:INFO:Declaring metric variables
2026-06-29 23:09:52,906:INFO:Defining Hyperparameters
2026-06-29 23:09:53,052:INFO:Tuning with n_jobs=-1
2026-06-29 23:09:53,052:INFO:Initializing RandomizedSearchCV
2026-06-29 23:10:32,067:INFO:best_params: {'actual_estimator__subsample': 0.65, 'actual_estimator__n_estimators': 120, 'actual_estimator__min_samples_split': 5, 'actual_estimator__min_samples_leaf': 3, 'actual_estimator__min_impurity_decrease': 0.0002, 'actual_estimator__max_features': 'sqrt', 'actual_estimator__max_depth': 6, 'actual_estimator__learning_rate': 0.05}
2026-06-29 23:10:32,069:INFO:Hyperparameter search completed
2026-06-29 23:10:32,069:INFO:SubProcess create_model() called ==================================
2026-06-29 23:10:32,070:INFO:Initializing create_model()
2026-06-29 23:10:32,070:INFO:create_model(self=<pycaret.regression.oop.RegressionExperiment object at 0x138baedd0>, estimator=GradientBoostingRegressor(random_state=42), fold=KFold(n_splits=10, random_state=None, shuffle=False), round=4, cross_validation=True, predict=True, fit_kwargs={}, groups=None, refit=True, probability_threshold=None, experiment_custom_tags=None, verbose=True, system=False, add_to_model_list=True, metrics=None, display=<pycaret.internal.display.display.CommonDisplay object at 0x13bfb2c50>, model_only=True, return_train_score=False, error_score=0.0, kwargs={'subsample': 0.65, 'n_estimators': 120, 'min_samples_split': 5, 'min_samples_leaf': 3, 'min_impurity_decrease': 0.0002, 'max_features': 'sqrt', 'max_depth': 6, 'learning_rate': 0.05})
2026-06-29 23:10:32,070:INFO:Checking exceptions
2026-06-29 23:10:32,070:INFO:Importing libraries
2026-06-29 23:10:32,070:INFO:Copying training dataset
2026-06-29 23:10:32,109:INFO:Defining folds
2026-06-29 23:10:32,109:INFO:Declaring metric variables
2026-06-29 23:10:32,114:INFO:Importing untrained model
2026-06-29 23:10:32,115:INFO:Declaring custom model
2026-06-29 23:10:32,128:INFO:Gradient Boosting Regressor Imported successfully
2026-06-29 23:10:32,148:INFO:Starting cross validation
2026-06-29 23:10:32,172:INFO:Cross validating with KFold(n_splits=10, random_state=None, shuffle=False), n_jobs=-1
2026-06-29 23:10:35,716:INFO:Calculating mean and std
2026-06-29 23:10:35,718:INFO:Creating metrics dataframe
2026-06-29 23:10:35,726:INFO:Finalizing model
2026-06-29 23:10:37,647:INFO:Uploading results into container
2026-06-29 23:10:37,648:INFO:Uploading model into container now
2026-06-29 23:10:37,649:INFO:_master_model_container: 28
2026-06-29 23:10:37,650:INFO:_display_container: 9
2026-06-29 23:10:37,651:INFO:GradientBoostingRegressor(learning_rate=0.05, max_depth=6, max_features='sqrt',
                          min_impurity_decrease=0.0002, min_samples_leaf=3,
                          min_samples_split=5, n_estimators=120,
                          random_state=42, subsample=0.65)
2026-06-29 23:10:37,652:INFO:create_model() successfully completed......................................
2026-06-29 23:10:37,757:INFO:SubProcess create_model() end ==================================
2026-06-29 23:10:37,758:INFO:choose_better activated
2026-06-29 23:10:37,763:INFO:SubProcess create_model() called ==================================
2026-06-29 23:10:37,764:INFO:Initializing create_model()
2026-06-29 23:10:37,764:INFO:create_model(self=<pycaret.regression.oop.RegressionExperiment object at 0x138baedd0>, estimator=GradientBoostingRegressor(random_state=42), fold=KFold(n_splits=10, random_state=None, shuffle=False), round=4, cross_validation=True, predict=True, fit_kwargs={}, groups=None, refit=True, probability_threshold=None, experiment_custom_tags=None, verbose=False, system=False, add_to_model_list=True, metrics=None, display=None, model_only=True, return_train_score=False, error_score=0.0, kwargs={})
2026-06-29 23:10:37,764:INFO:Checking exceptions
2026-06-29 23:10:37,766:INFO:Importing libraries
2026-06-29 23:10:37,767:INFO:Copying training dataset
2026-06-29 23:10:37,798:INFO:Defining folds
2026-06-29 23:10:37,798:INFO:Declaring metric variables
2026-06-29 23:10:37,798:INFO:Importing untrained model
2026-06-29 23:10:37,798:INFO:Declaring custom model
2026-06-29 23:10:37,799:INFO:Gradient Boosting Regressor Imported successfully
2026-06-29 23:10:37,800:INFO:Starting cross validation
2026-06-29 23:10:37,816:INFO:Cross validating with KFold(n_splits=10, random_state=None, shuffle=False), n_jobs=-1
2026-06-29 23:10:42,595:INFO:Calculating mean and std
2026-06-29 23:10:42,595:INFO:Creating metrics dataframe
2026-06-29 23:10:42,598:INFO:Finalizing model
2026-06-29 23:10:45,487:INFO:Uploading results into container
2026-06-29 23:10:45,487:INFO:Uploading model into container now
2026-06-29 23:10:45,488:INFO:_master_model_container: 29
2026-06-29 23:10:45,488:INFO:_display_container: 10
2026-06-29 23:10:45,489:INFO:GradientBoostingRegressor(random_state=42)
2026-06-29 23:10:45,489:INFO:create_model() successfully completed......................................
2026-06-29 23:10:45,589:INFO:SubProcess create_model() end ==================================
2026-06-29 23:10:45,590:INFO:GradientBoostingRegressor(random_state=42) result for R2 is 0.8834
2026-06-29 23:10:45,591:INFO:GradientBoostingRegressor(learning_rate=0.05, max_depth=6, max_features='sqrt',
                          min_impurity_decrease=0.0002, min_samples_leaf=3,
                          min_samples_split=5, n_estimators=120,
                          random_state=42, subsample=0.65) result for R2 is 0.8845
2026-06-29 23:10:45,592:INFO:GradientBoostingRegressor(learning_rate=0.05, max_depth=6, max_features='sqrt',
                          min_impurity_decrease=0.0002, min_samples_leaf=3,
                          min_samples_split=5, n_estimators=120,
                          random_state=42, subsample=0.65) is best model
2026-06-29 23:10:45,592:INFO:choose_better completed
2026-06-29 23:10:45,606:INFO:_master_model_container: 29
2026-06-29 23:10:45,607:INFO:_display_container: 9
2026-06-29 23:10:45,608:INFO:GradientBoostingRegressor(learning_rate=0.05, max_depth=6, max_features='sqrt',
                          min_impurity_decrease=0.0002, min_samples_leaf=3,
                          min_samples_split=5, n_estimators=120,
                          random_state=42, subsample=0.65)
2026-06-29 23:10:45,608:INFO:tune_model() successfully completed......................................
2026-06-29 23:10:45,715:INFO:Initializing finalize_model()
2026-06-29 23:10:45,715:INFO:finalize_model(self=<pycaret.regression.oop.RegressionExperiment object at 0x138baedd0>, estimator=GradientBoostingRegressor(learning_rate=0.05, max_depth=6, max_features='sqrt',
                          min_impurity_decrease=0.0002, min_samples_leaf=3,
                          min_samples_split=5, n_estimators=120,
                          random_state=42, subsample=0.65), fit_kwargs=None, groups=None, model_only=False, experiment_custom_tags=None)
2026-06-29 23:10:45,716:INFO:Finalizing GradientBoostingRegressor(learning_rate=0.05, max_depth=6, max_features='sqrt',
                          min_impurity_decrease=0.0002, min_samples_leaf=3,
                          min_samples_split=5, n_estimators=120,
                          random_state=42, subsample=0.65)
2026-06-29 23:10:45,734:INFO:Initializing create_model()
2026-06-29 23:10:45,734:INFO:create_model(self=<pycaret.regression.oop.RegressionExperiment object at 0x138baedd0>, estimator=GradientBoostingRegressor(learning_rate=0.05, max_depth=6, max_features='sqrt',
                          min_impurity_decrease=0.0002, min_samples_leaf=3,
                          min_samples_split=5, n_estimators=120,
                          random_state=42, subsample=0.65), fold=None, round=4, cross_validation=False, predict=False, fit_kwargs={}, groups=None, refit=True, probability_threshold=None, experiment_custom_tags=None, verbose=False, system=False, add_to_model_list=False, metrics=None, display=None, model_only=False, return_train_score=False, error_score=0.0, kwargs={})
2026-06-29 23:10:45,734:INFO:Checking exceptions
2026-06-29 23:10:45,737:INFO:Importing libraries
2026-06-29 23:10:45,737:INFO:Copying training dataset
2026-06-29 23:10:45,739:INFO:Defining folds
2026-06-29 23:10:45,739:INFO:Declaring metric variables
2026-06-29 23:10:45,739:INFO:Importing untrained model
2026-06-29 23:10:45,739:INFO:Declaring custom model
2026-06-29 23:10:45,740:INFO:Gradient Boosting Regressor Imported successfully
2026-06-29 23:10:45,756:INFO:Cross validation set to False
2026-06-29 23:10:45,756:INFO:Fitting Model
2026-06-29 23:10:48,217:INFO:Pipeline(memory=Memory(location=None),
         steps=[('numerical_imputer',
                 TransformerWrapper(include=['MSSubClass', 'LotFrontage',
                                             'LotArea', 'OverallQual',
                                             'OverallCond', 'YearBuilt',
                                             'YearRemodAdd', 'MasVnrArea',
                                             'BsmtFinSF1', 'BsmtFinSF2',
                                             'BsmtUnfSF', 'TotalBsmtSF',
                                             '1stFlrSF', '2ndFlrSF',
                                             'LowQualFinSF', 'GrLivArea',
                                             'BsmtFullBath', 'BsmtHalfBath',
                                             'FullBath', 'HalfBath...
                 TransformerWrapper(exclude=[],
                                    transformer=RemoveMulticollinearity(threshold=0.9))),
                ('normalize', TransformerWrapper(transformer=RobustScaler())),
                ('actual_estimator',
                 GradientBoostingRegressor(learning_rate=0.05, max_depth=6,
                                           max_features='sqrt',
                                           min_impurity_decrease=0.0002,
                                           min_samples_leaf=3,
                                           min_samples_split=5,
                                           n_estimators=120, random_state=42,
                                           subsample=0.65))])
2026-06-29 23:10:48,217:INFO:create_model() successfully completed......................................
2026-06-29 23:10:48,314:INFO:_master_model_container: 29
2026-06-29 23:10:48,314:INFO:_display_container: 9
2026-06-29 23:10:48,406:INFO:Pipeline(memory=Memory(location=None),
         steps=[('numerical_imputer',
                 TransformerWrapper(include=['MSSubClass', 'LotFrontage',
                                             'LotArea', 'OverallQual',
                                             'OverallCond', 'YearBuilt',
                                             'YearRemodAdd', 'MasVnrArea',
                                             'BsmtFinSF1', 'BsmtFinSF2',
                                             'BsmtUnfSF', 'TotalBsmtSF',
                                             '1stFlrSF', '2ndFlrSF',
                                             'LowQualFinSF', 'GrLivArea',
                                             'BsmtFullBath', 'BsmtHalfBath',
                                             'FullBath', 'HalfBath...
                 TransformerWrapper(exclude=[],
                                    transformer=RemoveMulticollinearity(threshold=0.9))),
                ('normalize', TransformerWrapper(transformer=RobustScaler())),
                ('actual_estimator',
                 GradientBoostingRegressor(learning_rate=0.05, max_depth=6,
                                           max_features='sqrt',
                                           min_impurity_decrease=0.0002,
                                           min_samples_leaf=3,
                                           min_samples_split=5,
                                           n_estimators=120, random_state=42,
                                           subsample=0.65))])
2026-06-29 23:10:48,406:INFO:finalize_model() successfully completed......................................
2026-06-29 23:10:48,521:INFO:Initializing predict_model()
2026-06-29 23:10:48,521:INFO:predict_model(self=<pycaret.regression.oop.RegressionExperiment object at 0x138baedd0>, estimator=GradientBoostingRegressor(learning_rate=0.05, max_depth=6, max_features='sqrt',
                          min_impurity_decrease=0.0002, min_samples_leaf=3,
                          min_samples_split=5, n_estimators=120,
                          random_state=42, subsample=0.65), probability_threshold=None, encoded_labels=False, raw_score=False, round=4, verbose=True, ml_usecase=None, preprocess=True, encode_labels=<function _SupervisedExperiment.predict_model.<locals>.encode_labels at 0x1389884c0>)
2026-06-29 23:10:48,522:INFO:Checking exceptions
2026-06-29 23:10:48,528:INFO:Preloading libraries
2026-06-29 23:10:49,696:INFO:Initializing plot_model()
2026-06-29 23:10:49,696:INFO:plot_model(plot=feature, fold=None, verbose=True, display=None, display_format=None, estimator=GradientBoostingRegressor(learning_rate=0.05, max_depth=6, max_features='sqrt',
                          min_impurity_decrease=0.0002, min_samples_leaf=3,
                          min_samples_split=5, n_estimators=120,
                          random_state=42, subsample=0.65), feature_name=None, fit_kwargs=None, groups=None, label=False, plot_kwargs=None, save=False, scale=1, self=<pycaret.regression.oop.RegressionExperiment object at 0x138baedd0>, system=True)
2026-06-29 23:10:49,697:INFO:Checking exceptions
2026-06-29 23:10:49,720:INFO:Preloading libraries
2026-06-29 23:10:49,736:INFO:Copying training dataset
2026-06-29 23:10:49,736:INFO:Plot type: feature
2026-06-29 23:10:49,738:WARNING:No coef_ found. Trying feature_importances_
2026-06-29 23:10:50,058:INFO:Visual Rendered Successfully
2026-06-29 23:10:50,140:INFO:plot_model() successfully completed......................................
2026-06-30 00:12:48,008:WARNING:
'cuml' is a soft dependency and not included in the pycaret installation. Please run: `pip install cuml` to install.
2026-06-30 00:12:48,009:WARNING:
'cuml' is a soft dependency and not included in the pycaret installation. Please run: `pip install cuml` to install.
2026-06-30 00:12:48,009:WARNING:
'cuml' is a soft dependency and not included in the pycaret installation. Please run: `pip install cuml` to install.
2026-06-30 00:12:48,009:WARNING:
'cuml' is a soft dependency and not included in the pycaret installation. Please run: `pip install cuml` to install.
2026-06-30 00:12:58,929:INFO:PyCaret RegressionExperiment
2026-06-30 00:12:58,929:INFO:Logging name: reg-default-name
2026-06-30 00:12:58,929:INFO:ML Usecase: MLUsecase.REGRESSION
2026-06-30 00:12:58,929:INFO:version 3.3.2
2026-06-30 00:12:58,929:INFO:Initializing setup()
2026-06-30 00:12:58,929:INFO:self.USI: de13
2026-06-30 00:12:58,929:INFO:self._variable_keys: {'html_param', 'y', 'X_test', '_available_plots', 'X', '_ml_usecase', 'idx', 'seed', 'target_param', 'gpu_n_jobs_param', 'y_train', 'USI', 'exp_id', 'gpu_param', 'transform_target_param', 'log_plots_param', 'fold_generator', 'X_train', 'memory', 'logging_param', 'data', 'y_test', 'fold_groups_param', 'fold_shuffle_param', 'exp_name_log', 'pipeline', 'n_jobs_param'}
2026-06-30 00:12:58,929:INFO:Checking environment
2026-06-30 00:12:58,929:INFO:python_version: 3.10.18
2026-06-30 00:12:58,930:INFO:python_build: ('main', 'Jun  5 2025 08:13:51')
2026-06-30 00:12:58,930:INFO:machine: x86_64
2026-06-30 00:12:58,930:INFO:platform: macOS-10.16-x86_64-i386-64bit
2026-06-30 00:12:58,930:INFO:Memory: svmem(total=17179869184, available=5750501376, percent=66.5, used=9574592512, free=298541056, active=5440454656, inactive=5447315456, wired=4134137856)
2026-06-30 00:12:58,930:INFO:Physical Core: 6
2026-06-30 00:12:58,930:INFO:Logical Core: 12
2026-06-30 00:12:58,930:INFO:Checking libraries
2026-06-30 00:12:58,930:INFO:System:
2026-06-30 00:12:58,930:INFO:    python: 3.10.18 (main, Jun  5 2025, 08:13:51) [Clang 14.0.6 ]
2026-06-30 00:12:58,930:INFO:executable: /Users/enrique/miniconda3/envs/regresion_env/bin/python3.10
2026-06-30 00:12:58,930:INFO:   machine: macOS-10.16-x86_64-i386-64bit
2026-06-30 00:12:58,930:INFO:PyCaret required dependencies:
2026-06-30 00:12:59,006:INFO:                 pip: 26.1.2
2026-06-30 00:12:59,007:INFO:          setuptools: 78.1.1
2026-06-30 00:12:59,007:INFO:             pycaret: 3.3.2
2026-06-30 00:12:59,007:INFO:             IPython: 8.39.0
2026-06-30 00:12:59,007:INFO:          ipywidgets: 8.1.8
2026-06-30 00:12:59,007:INFO:                tqdm: 4.68.3
2026-06-30 00:12:59,007:INFO:               numpy: 1.26.4
2026-06-30 00:12:59,007:INFO:              pandas: 2.1.4
2026-06-30 00:12:59,007:INFO:              jinja2: 3.1.6
2026-06-30 00:12:59,007:INFO:               scipy: 1.11.4
2026-06-30 00:12:59,007:INFO:              joblib: 1.3.2
2026-06-30 00:12:59,007:INFO:             sklearn: 1.4.2
2026-06-30 00:12:59,007:INFO:                pyod: 3.4.0
2026-06-30 00:12:59,007:INFO:            imblearn: 0.14.2
2026-06-30 00:12:59,007:INFO:   category_encoders: 2.7.0
2026-06-30 00:12:59,007:INFO:            lightgbm: 4.6.0
2026-06-30 00:12:59,007:INFO:               numba: 0.61.0
2026-06-30 00:12:59,007:INFO:            requests: 2.34.2
2026-06-30 00:12:59,007:INFO:          matplotlib: 3.7.5
2026-06-30 00:12:59,007:INFO:          scikitplot: 0.3.7
2026-06-30 00:12:59,007:INFO:         yellowbrick: 1.5
2026-06-30 00:12:59,007:INFO:              plotly: 6.8.0
2026-06-30 00:12:59,007:INFO:    plotly-resampler: Not installed
2026-06-30 00:12:59,007:INFO:             kaleido: 1.3.0
2026-06-30 00:12:59,007:INFO:           schemdraw: 0.15
2026-06-30 00:12:59,007:INFO:         statsmodels: 0.14.6
2026-06-30 00:12:59,007:INFO:              sktime: 0.26.0
2026-06-30 00:12:59,007:INFO:               tbats: 1.1.3
2026-06-30 00:12:59,007:INFO:            pmdarima: 2.0.4
2026-06-30 00:12:59,008:INFO:              psutil: 7.2.2
2026-06-30 00:12:59,008:INFO:          markupsafe: 3.0.3
2026-06-30 00:12:59,008:INFO:             pickle5: Not installed
2026-06-30 00:12:59,008:INFO:         cloudpickle: 3.1.2
2026-06-30 00:12:59,008:INFO:         deprecation: 2.1.0
2026-06-30 00:12:59,008:INFO:              xxhash: 3.8.0
2026-06-30 00:12:59,008:INFO:           wurlitzer: 3.1.1
2026-06-30 00:12:59,008:INFO:PyCaret optional dependencies:
2026-06-30 00:12:59,244:INFO:                shap: Not installed
2026-06-30 00:12:59,244:INFO:           interpret: Not installed
2026-06-30 00:12:59,244:INFO:                umap: Not installed
2026-06-30 00:12:59,244:INFO:     ydata_profiling: Not installed
2026-06-30 00:12:59,245:INFO:  explainerdashboard: Not installed
2026-06-30 00:12:59,245:INFO:             autoviz: Not installed
2026-06-30 00:12:59,245:INFO:           fairlearn: Not installed
2026-06-30 00:12:59,245:INFO:          deepchecks: Not installed
2026-06-30 00:12:59,245:INFO:             xgboost: Not installed
2026-06-30 00:12:59,245:INFO:            catboost: Not installed
2026-06-30 00:12:59,245:INFO:              kmodes: Not installed
2026-06-30 00:12:59,245:INFO:             mlxtend: Not installed
2026-06-30 00:12:59,245:INFO:       statsforecast: Not installed
2026-06-30 00:12:59,245:INFO:        tune_sklearn: Not installed
2026-06-30 00:12:59,245:INFO:                 ray: Not installed
2026-06-30 00:12:59,245:INFO:            hyperopt: Not installed
2026-06-30 00:12:59,245:INFO:              optuna: Not installed
2026-06-30 00:12:59,245:INFO:               skopt: Not installed
2026-06-30 00:12:59,245:INFO:              mlflow: Not installed
2026-06-30 00:12:59,245:INFO:              gradio: Not installed
2026-06-30 00:12:59,245:INFO:             fastapi: Not installed
2026-06-30 00:12:59,245:INFO:             uvicorn: 0.49.0
2026-06-30 00:12:59,245:INFO:              m2cgen: Not installed
2026-06-30 00:12:59,245:INFO:           evidently: Not installed
2026-06-30 00:12:59,245:INFO:               fugue: Not installed
2026-06-30 00:12:59,245:INFO:           streamlit: Not installed
2026-06-30 00:12:59,245:INFO:             prophet: Not installed
2026-06-30 00:12:59,246:INFO:None
2026-06-30 00:12:59,246:INFO:Set up data.
2026-06-30 00:12:59,252:INFO:Set up folding strategy.
2026-06-30 00:12:59,252:INFO:Set up train/test split.
2026-06-30 00:12:59,260:INFO:Set up index.
2026-06-30 00:12:59,260:INFO:Assigning column types.
2026-06-30 00:12:59,265:INFO:Engine successfully changes for model 'lr' to 'sklearn'.
2026-06-30 00:12:59,265:INFO:Engine for model 'lasso' has not been set explicitly, hence returning None.
2026-06-30 00:12:59,271:INFO:Engine for model 'ridge' has not been set explicitly, hence returning None.
2026-06-30 00:12:59,276:INFO:Engine for model 'en' has not been set explicitly, hence returning None.
2026-06-30 00:12:59,337:INFO:Engine for model 'svm' has not been set explicitly, hence returning None.
2026-06-30 00:12:59,382:INFO:Engine for model 'knn' has not been set explicitly, hence returning None.
2026-06-30 00:12:59,382:WARNING:
'xgboost' is a soft dependency and not included in the pycaret installation. Please run: `pip install xgboost` to install.
Alternately, you can install this by running `pip install pycaret[models]`
2026-06-30 00:12:59,382:WARNING:
'catboost' is a soft dependency and not included in the pycaret installation. Please run: `pip install catboost` to install.
Alternately, you can install this by running `pip install pycaret[models]`
2026-06-30 00:12:59,383:INFO:Engine for model 'lasso' has not been set explicitly, hence returning None.
2026-06-30 00:12:59,387:INFO:Engine for model 'ridge' has not been set explicitly, hence returning None.
2026-06-30 00:12:59,392:INFO:Engine for model 'en' has not been set explicitly, hence returning None.
2026-06-30 00:12:59,444:INFO:Engine for model 'svm' has not been set explicitly, hence returning None.
2026-06-30 00:12:59,483:INFO:Engine for model 'knn' has not been set explicitly, hence returning None.
2026-06-30 00:12:59,484:WARNING:
'xgboost' is a soft dependency and not included in the pycaret installation. Please run: `pip install xgboost` to install.
Alternately, you can install this by running `pip install pycaret[models]`
2026-06-30 00:12:59,484:WARNING:
'catboost' is a soft dependency and not included in the pycaret installation. Please run: `pip install catboost` to install.
Alternately, you can install this by running `pip install pycaret[models]`
2026-06-30 00:12:59,484:INFO:Engine successfully changes for model 'lasso' to 'sklearn'.
2026-06-30 00:12:59,488:INFO:Engine for model 'ridge' has not been set explicitly, hence returning None.
2026-06-30 00:12:59,492:INFO:Engine for model 'en' has not been set explicitly, hence returning None.
2026-06-30 00:12:59,544:INFO:Engine for model 'svm' has not been set explicitly, hence returning None.
2026-06-30 00:12:59,583:INFO:Engine for model 'knn' has not been set explicitly, hence returning None.
2026-06-30 00:12:59,583:WARNING:
'xgboost' is a soft dependency and not included in the pycaret installation. Please run: `pip install xgboost` to install.
Alternately, you can install this by running `pip install pycaret[models]`
2026-06-30 00:12:59,583:WARNING:
'catboost' is a soft dependency and not included in the pycaret installation. Please run: `pip install catboost` to install.
Alternately, you can install this by running `pip install pycaret[models]`
2026-06-30 00:12:59,588:INFO:Engine for model 'ridge' has not been set explicitly, hence returning None.
2026-06-30 00:12:59,592:INFO:Engine for model 'en' has not been set explicitly, hence returning None.
2026-06-30 00:12:59,642:INFO:Engine for model 'svm' has not been set explicitly, hence returning None.
2026-06-30 00:12:59,681:INFO:Engine for model 'knn' has not been set explicitly, hence returning None.
2026-06-30 00:12:59,681:WARNING:
'xgboost' is a soft dependency and not included in the pycaret installation. Please run: `pip install xgboost` to install.
Alternately, you can install this by running `pip install pycaret[models]`
2026-06-30 00:12:59,682:WARNING:
'catboost' is a soft dependency and not included in the pycaret installation. Please run: `pip install catboost` to install.
Alternately, you can install this by running `pip install pycaret[models]`
2026-06-30 00:12:59,682:INFO:Engine successfully changes for model 'ridge' to 'sklearn'.
2026-06-30 00:12:59,690:INFO:Engine for model 'en' has not been set explicitly, hence returning None.
2026-06-30 00:12:59,740:INFO:Engine for model 'svm' has not been set explicitly, hence returning None.
2026-06-30 00:12:59,779:INFO:Engine for model 'knn' has not been set explicitly, hence returning None.
2026-06-30 00:12:59,779:WARNING:
'xgboost' is a soft dependency and not included in the pycaret installation. Please run: `pip install xgboost` to install.
Alternately, you can install this by running `pip install pycaret[models]`
2026-06-30 00:12:59,779:WARNING:
'catboost' is a soft dependency and not included in the pycaret installation. Please run: `pip install catboost` to install.
Alternately, you can install this by running `pip install pycaret[models]`
2026-06-30 00:12:59,788:INFO:Engine for model 'en' has not been set explicitly, hence returning None.
2026-06-30 00:12:59,844:INFO:Engine for model 'svm' has not been set explicitly, hence returning None.
2026-06-30 00:12:59,889:INFO:Engine for model 'knn' has not been set explicitly, hence returning None.
2026-06-30 00:12:59,889:WARNING:
'xgboost' is a soft dependency and not included in the pycaret installation. Please run: `pip install xgboost` to install.
Alternately, you can install this by running `pip install pycaret[models]`
2026-06-30 00:12:59,890:WARNING:
'catboost' is a soft dependency and not included in the pycaret installation. Please run: `pip install catboost` to install.
Alternately, you can install this by running `pip install pycaret[models]`
2026-06-30 00:12:59,890:INFO:Engine successfully changes for model 'en' to 'sklearn'.
2026-06-30 00:12:59,952:INFO:Engine for model 'svm' has not been set explicitly, hence returning None.
2026-06-30 00:13:00,000:INFO:Engine for model 'knn' has not been set explicitly, hence returning None.
2026-06-30 00:13:00,001:WARNING:
'xgboost' is a soft dependency and not included in the pycaret installation. Please run: `pip install xgboost` to install.
Alternately, you can install this by running `pip install pycaret[models]`
2026-06-30 00:13:00,001:WARNING:
'catboost' is a soft dependency and not included in the pycaret installation. Please run: `pip install catboost` to install.
Alternately, you can install this by running `pip install pycaret[models]`
2026-06-30 00:13:00,073:INFO:Engine for model 'svm' has not been set explicitly, hence returning None.
2026-06-30 00:13:00,118:INFO:Engine for model 'knn' has not been set explicitly, hence returning None.
2026-06-30 00:13:00,119:WARNING:
'xgboost' is a soft dependency and not included in the pycaret installation. Please run: `pip install xgboost` to install.
Alternately, you can install this by running `pip install pycaret[models]`
2026-06-30 00:13:00,119:WARNING:
'catboost' is a soft dependency and not included in the pycaret installation. Please run: `pip install catboost` to install.
Alternately, you can install this by running `pip install pycaret[models]`
2026-06-30 00:13:00,119:INFO:Engine successfully changes for model 'knn' to 'sklearn'.
2026-06-30 00:13:00,204:INFO:Engine for model 'svm' has not been set explicitly, hence returning None.
2026-06-30 00:13:00,261:WARNING:
'xgboost' is a soft dependency and not included in the pycaret installation. Please run: `pip install xgboost` to install.
Alternately, you can install this by running `pip install pycaret[models]`
2026-06-30 00:13:00,262:WARNING:
'catboost' is a soft dependency and not included in the pycaret installation. Please run: `pip install catboost` to install.
Alternately, you can install this by running `pip install pycaret[models]`
2026-06-30 00:13:00,375:INFO:Engine for model 'svm' has not been set explicitly, hence returning None.
2026-06-30 00:13:00,428:WARNING:
'xgboost' is a soft dependency and not included in the pycaret installation. Please run: `pip install xgboost` to install.
Alternately, you can install this by running `pip install pycaret[models]`
2026-06-30 00:13:00,428:WARNING:
'catboost' is a soft dependency and not included in the pycaret installation. Please run: `pip install catboost` to install.
Alternately, you can install this by running `pip install pycaret[models]`
2026-06-30 00:13:00,428:INFO:Engine successfully changes for model 'svm' to 'sklearn'.
2026-06-30 00:13:00,572:WARNING:
'xgboost' is a soft dependency and not included in the pycaret installation. Please run: `pip install xgboost` to install.
Alternately, you can install this by running `pip install pycaret[models]`
2026-06-30 00:13:00,572:WARNING:
'catboost' is a soft dependency and not included in the pycaret installation. Please run: `pip install catboost` to install.
Alternately, you can install this by running `pip install pycaret[models]`
2026-06-30 00:13:00,694:WARNING:
'xgboost' is a soft dependency and not included in the pycaret installation. Please run: `pip install xgboost` to install.
Alternately, you can install this by running `pip install pycaret[models]`
2026-06-30 00:13:00,694:WARNING:
'catboost' is a soft dependency and not included in the pycaret installation. Please run: `pip install catboost` to install.
Alternately, you can install this by running `pip install pycaret[models]`
2026-06-30 00:13:00,697:INFO:Preparing preprocessing pipeline...
2026-06-30 00:13:00,697:INFO:Set up simple imputation.
2026-06-30 00:13:00,737:INFO:Finished creating preprocessing pipeline.
2026-06-30 00:13:00,742:INFO:Pipeline: Pipeline(memory=FastMemory(location=/var/folders/tj/jgnx95wx5n30hb54_s333khc0000gn/T/joblib),
         steps=[('numerical_imputer',
                 TransformerWrapper(include=['LotArea', 'OverallQual',
                                             'OverallCond', 'YearBuilt',
                                             'BsmtFinSF1', 'GrLivArea',
                                             'BedroomAbvGr', 'KitchenQual',
                                             'Neighborhood_NoRidge',
                                             'Neighborhood_NridgHt',
                                             'Neighborhood_StoneBr',
                                             'BldgType_TwnhsE',
                                             'Exterior1st_VinylSd',
                                             'GarageType_None',
                                             'SaleCondition_Partial'],
                                    transformer=SimpleImputer())),
                ('categorical_imputer',
                 TransformerWrapper(include=[],
                                    transformer=SimpleImputer(strategy='most_frequent')))])
2026-06-30 00:13:00,742:INFO:Creating final display dataframe.
2026-06-30 00:13:00,835:INFO:Setup _display_container:                     Description             Value
0                    Session id                42
1                        Target         SalePrice
2                   Target type        Regression
3           Original data shape        (1166, 16)
4        Transformed data shape        (1166, 16)
5   Transformed train set shape         (816, 16)
6    Transformed test set shape         (350, 16)
7              Numeric features                15
8                    Preprocess              True
9               Imputation type            simple
10           Numeric imputation              mean
11       Categorical imputation              mode
12               Fold Generator             KFold
13                  Fold Number                10
14                     CPU Jobs                -1
15                      Use GPU             False
16               Log Experiment             False
17              Experiment Name  reg-default-name
18                          USI              de13
2026-06-30 00:13:00,967:WARNING:
'xgboost' is a soft dependency and not included in the pycaret installation. Please run: `pip install xgboost` to install.
Alternately, you can install this by running `pip install pycaret[models]`
2026-06-30 00:13:00,968:WARNING:
'catboost' is a soft dependency and not included in the pycaret installation. Please run: `pip install catboost` to install.
Alternately, you can install this by running `pip install pycaret[models]`
2026-06-30 00:13:01,106:WARNING:
'xgboost' is a soft dependency and not included in the pycaret installation. Please run: `pip install xgboost` to install.
Alternately, you can install this by running `pip install pycaret[models]`
2026-06-30 00:13:01,107:WARNING:
'catboost' is a soft dependency and not included in the pycaret installation. Please run: `pip install catboost` to install.
Alternately, you can install this by running `pip install pycaret[models]`
2026-06-30 00:13:01,107:INFO:setup() successfully completed in 2.18s...............
2026-06-30 00:13:01,118:INFO:Initializing create_model()
2026-06-30 00:13:01,118:INFO:create_model(self=<pycaret.regression.oop.RegressionExperiment object at 0x146095c00>, estimator=ridge, fold=None, round=4, cross_validation=True, predict=True, fit_kwargs=None, groups=None, refit=True, probability_threshold=None, experiment_custom_tags=None, verbose=False, system=True, add_to_model_list=True, metrics=None, display=None, model_only=True, return_train_score=False, error_score=0.0, kwargs={})
2026-06-30 00:13:01,118:INFO:Checking exceptions
2026-06-30 00:13:01,120:INFO:Importing libraries
2026-06-30 00:13:01,121:INFO:Copying training dataset
2026-06-30 00:13:01,129:INFO:Defining folds
2026-06-30 00:13:01,129:INFO:Declaring metric variables
2026-06-30 00:13:01,129:INFO:Importing untrained model
2026-06-30 00:13:01,130:INFO:Ridge Regression Imported successfully
2026-06-30 00:13:01,130:INFO:Starting cross validation
2026-06-30 00:13:01,137:INFO:Cross validating with KFold(n_splits=10, random_state=None, shuffle=False), n_jobs=-1
2026-06-30 00:13:09,743:WARNING:/Users/enrique/miniconda3/envs/regresion_env/lib/python3.10/site-packages/_distutils_hack/__init__.py:30: UserWarning: Setuptools is replacing distutils. Support for replacing an already imported distutils is deprecated. In the future, this condition will fail. Register concerns at https://github.com/pypa/setuptools/issues/new?template=distutils-deprecation.yml
  warnings.warn(

2026-06-30 00:13:09,743:WARNING:/Users/enrique/miniconda3/envs/regresion_env/lib/python3.10/site-packages/_distutils_hack/__init__.py:30: UserWarning: Setuptools is replacing distutils. Support for replacing an already imported distutils is deprecated. In the future, this condition will fail. Register concerns at https://github.com/pypa/setuptools/issues/new?template=distutils-deprecation.yml
  warnings.warn(

2026-06-30 00:13:09,743:WARNING:/Users/enrique/miniconda3/envs/regresion_env/lib/python3.10/site-packages/_distutils_hack/__init__.py:30: UserWarning: Setuptools is replacing distutils. Support for replacing an already imported distutils is deprecated. In the future, this condition will fail. Register concerns at https://github.com/pypa/setuptools/issues/new?template=distutils-deprecation.yml
  warnings.warn(

2026-06-30 00:13:10,090:WARNING:/Users/enrique/miniconda3/envs/regresion_env/lib/python3.10/site-packages/_distutils_hack/__init__.py:30: UserWarning: Setuptools is replacing distutils. Support for replacing an already imported distutils is deprecated. In the future, this condition will fail. Register concerns at https://github.com/pypa/setuptools/issues/new?template=distutils-deprecation.yml
  warnings.warn(

2026-06-30 00:13:10,275:WARNING:/Users/enrique/miniconda3/envs/regresion_env/lib/python3.10/site-packages/_distutils_hack/__init__.py:30: UserWarning: Setuptools is replacing distutils. Support for replacing an already imported distutils is deprecated. In the future, this condition will fail. Register concerns at https://github.com/pypa/setuptools/issues/new?template=distutils-deprecation.yml
  warnings.warn(

2026-06-30 00:13:10,399:WARNING:/Users/enrique/miniconda3/envs/regresion_env/lib/python3.10/site-packages/_distutils_hack/__init__.py:30: UserWarning: Setuptools is replacing distutils. Support for replacing an already imported distutils is deprecated. In the future, this condition will fail. Register concerns at https://github.com/pypa/setuptools/issues/new?template=distutils-deprecation.yml
  warnings.warn(

2026-06-30 00:13:10,406:WARNING:/Users/enrique/miniconda3/envs/regresion_env/lib/python3.10/site-packages/_distutils_hack/__init__.py:30: UserWarning: Setuptools is replacing distutils. Support for replacing an already imported distutils is deprecated. In the future, this condition will fail. Register concerns at https://github.com/pypa/setuptools/issues/new?template=distutils-deprecation.yml
  warnings.warn(

2026-06-30 00:13:10,411:WARNING:/Users/enrique/miniconda3/envs/regresion_env/lib/python3.10/site-packages/_distutils_hack/__init__.py:30: UserWarning: Setuptools is replacing distutils. Support for replacing an already imported distutils is deprecated. In the future, this condition will fail. Register concerns at https://github.com/pypa/setuptools/issues/new?template=distutils-deprecation.yml
  warnings.warn(

2026-06-30 00:13:10,423:WARNING:/Users/enrique/miniconda3/envs/regresion_env/lib/python3.10/site-packages/_distutils_hack/__init__.py:30: UserWarning: Setuptools is replacing distutils. Support for replacing an already imported distutils is deprecated. In the future, this condition will fail. Register concerns at https://github.com/pypa/setuptools/issues/new?template=distutils-deprecation.yml
  warnings.warn(

2026-06-30 00:13:10,425:WARNING:/Users/enrique/miniconda3/envs/regresion_env/lib/python3.10/site-packages/_distutils_hack/__init__.py:30: UserWarning: Setuptools is replacing distutils. Support for replacing an already imported distutils is deprecated. In the future, this condition will fail. Register concerns at https://github.com/pypa/setuptools/issues/new?template=distutils-deprecation.yml
  warnings.warn(

2026-06-30 00:13:10,627:INFO:Calculating mean and std
2026-06-30 00:13:10,629:INFO:Creating metrics dataframe
2026-06-30 00:13:10,636:INFO:Finalizing model
2026-06-30 00:13:10,655:INFO:Uploading results into container
2026-06-30 00:13:10,657:INFO:Uploading model into container now
2026-06-30 00:13:10,658:INFO:_master_model_container: 1
2026-06-30 00:13:10,658:INFO:_display_container: 2
2026-06-30 00:13:10,659:INFO:Ridge(random_state=42)
2026-06-30 00:13:10,659:INFO:create_model() successfully completed......................................
2026-06-30 00:13:10,762:INFO:Initializing tune_model()
2026-06-30 00:13:10,762:INFO:tune_model(estimator=Ridge(random_state=42), fold=None, round=4, n_iter=10, custom_grid={'alpha': [0.01, 0.1, 1.0, 10.0, 100.0, 500.0]}, optimize=RMSE, custom_scorer=None, search_library=scikit-learn, search_algorithm=None, early_stopping=False, early_stopping_max_iters=10, choose_better=True, fit_kwargs=None, groups=None, return_tuner=False, verbose=False, tuner_verbose=True, return_train_score=False, kwargs={}, self=<pycaret.regression.oop.RegressionExperiment object at 0x146095c00>)
2026-06-30 00:13:10,763:INFO:Checking exceptions
2026-06-30 00:13:10,766:INFO:Copying training dataset
2026-06-30 00:13:10,769:INFO:Checking base model
2026-06-30 00:13:10,770:INFO:Base model : Ridge Regression
2026-06-30 00:13:10,770:INFO:Declaring metric variables
2026-06-30 00:13:10,770:INFO:Defining Hyperparameters
2026-06-30 00:13:10,854:INFO:custom_grid: {'actual_estimator__alpha': [0.01, 0.1, 1.0, 10.0, 100.0, 500.0]}
2026-06-30 00:13:10,854:INFO:Tuning with n_jobs=-1
2026-06-30 00:13:10,854:INFO:Initializing RandomizedSearchCV
2026-06-30 00:13:13,261:WARNING:/Users/enrique/miniconda3/envs/regresion_env/lib/python3.10/site-packages/_distutils_hack/__init__.py:30: UserWarning: Setuptools is replacing distutils. Support for replacing an already imported distutils is deprecated. In the future, this condition will fail. Register concerns at https://github.com/pypa/setuptools/issues/new?template=distutils-deprecation.yml
  warnings.warn(

2026-06-30 00:13:13,284:WARNING:/Users/enrique/miniconda3/envs/regresion_env/lib/python3.10/site-packages/_distutils_hack/__init__.py:30: UserWarning: Setuptools is replacing distutils. Support for replacing an already imported distutils is deprecated. In the future, this condition will fail. Register concerns at https://github.com/pypa/setuptools/issues/new?template=distutils-deprecation.yml
  warnings.warn(

2026-06-30 00:13:13,434:INFO:best_params: {'actual_estimator__alpha': 10.0}
2026-06-30 00:13:13,434:INFO:Hyperparameter search completed
2026-06-30 00:13:13,434:INFO:SubProcess create_model() called ==================================
2026-06-30 00:13:13,435:INFO:Initializing create_model()
2026-06-30 00:13:13,435:INFO:create_model(self=<pycaret.regression.oop.RegressionExperiment object at 0x146095c00>, estimator=Ridge(random_state=42), fold=KFold(n_splits=10, random_state=None, shuffle=False), round=4, cross_validation=True, predict=True, fit_kwargs={}, groups=None, refit=True, probability_threshold=None, experiment_custom_tags=None, verbose=True, system=False, add_to_model_list=True, metrics=None, display=<pycaret.internal.display.display.CommonDisplay object at 0x145b1a350>, model_only=True, return_train_score=False, error_score=0.0, kwargs={'alpha': 10.0})
2026-06-30 00:13:13,435:INFO:Checking exceptions
2026-06-30 00:13:13,435:INFO:Importing libraries
2026-06-30 00:13:13,435:INFO:Copying training dataset
2026-06-30 00:13:13,441:INFO:Defining folds
2026-06-30 00:13:13,441:INFO:Declaring metric variables
2026-06-30 00:13:13,442:INFO:Importing untrained model
2026-06-30 00:13:13,442:INFO:Declaring custom model
2026-06-30 00:13:13,442:INFO:Ridge Regression Imported successfully
2026-06-30 00:13:13,442:INFO:Starting cross validation
2026-06-30 00:13:13,443:INFO:Cross validating with KFold(n_splits=10, random_state=None, shuffle=False), n_jobs=-1
2026-06-30 00:13:13,543:INFO:Calculating mean and std
2026-06-30 00:13:13,543:INFO:Creating metrics dataframe
2026-06-30 00:13:13,545:INFO:Finalizing model
2026-06-30 00:13:13,555:INFO:Uploading results into container
2026-06-30 00:13:13,555:INFO:Uploading model into container now
2026-06-30 00:13:13,556:INFO:_master_model_container: 2
2026-06-30 00:13:13,556:INFO:_display_container: 3
2026-06-30 00:13:13,556:INFO:Ridge(alpha=10.0, random_state=42)
2026-06-30 00:13:13,556:INFO:create_model() successfully completed......................................
2026-06-30 00:13:13,643:INFO:SubProcess create_model() end ==================================
2026-06-30 00:13:13,643:INFO:choose_better activated
2026-06-30 00:13:13,643:INFO:SubProcess create_model() called ==================================
2026-06-30 00:13:13,644:INFO:Initializing create_model()
2026-06-30 00:13:13,644:INFO:create_model(self=<pycaret.regression.oop.RegressionExperiment object at 0x146095c00>, estimator=Ridge(random_state=42), fold=KFold(n_splits=10, random_state=None, shuffle=False), round=4, cross_validation=True, predict=True, fit_kwargs={}, groups=None, refit=True, probability_threshold=None, experiment_custom_tags=None, verbose=False, system=False, add_to_model_list=True, metrics=None, display=None, model_only=True, return_train_score=False, error_score=0.0, kwargs={})
2026-06-30 00:13:13,644:INFO:Checking exceptions
2026-06-30 00:13:13,646:INFO:Importing libraries
2026-06-30 00:13:13,646:INFO:Copying training dataset
2026-06-30 00:13:13,651:INFO:Defining folds
2026-06-30 00:13:13,651:INFO:Declaring metric variables
2026-06-30 00:13:13,651:INFO:Importing untrained model
2026-06-30 00:13:13,651:INFO:Declaring custom model
2026-06-30 00:13:13,652:INFO:Ridge Regression Imported successfully
2026-06-30 00:13:13,652:INFO:Starting cross validation
2026-06-30 00:13:13,653:INFO:Cross validating with KFold(n_splits=10, random_state=None, shuffle=False), n_jobs=-1
2026-06-30 00:13:13,739:INFO:Calculating mean and std
2026-06-30 00:13:13,740:INFO:Creating metrics dataframe
2026-06-30 00:13:13,742:INFO:Finalizing model
2026-06-30 00:13:13,752:INFO:Uploading results into container
2026-06-30 00:13:13,752:INFO:Uploading model into container now
2026-06-30 00:13:13,753:INFO:_master_model_container: 3
2026-06-30 00:13:13,753:INFO:_display_container: 4
2026-06-30 00:13:13,753:INFO:Ridge(random_state=42)
2026-06-30 00:13:13,753:INFO:create_model() successfully completed......................................
2026-06-30 00:13:13,836:INFO:SubProcess create_model() end ==================================
2026-06-30 00:13:13,837:INFO:Ridge(random_state=42) result for RMSE is 28098.7867
2026-06-30 00:13:13,837:INFO:Ridge(alpha=10.0, random_state=42) result for RMSE is 28043.6379
2026-06-30 00:13:13,837:INFO:Ridge(alpha=10.0, random_state=42) is best model
2026-06-30 00:13:13,838:INFO:choose_better completed
2026-06-30 00:13:13,838:INFO:_master_model_container: 3
2026-06-30 00:13:13,838:INFO:_display_container: 3
2026-06-30 00:13:13,838:INFO:Ridge(alpha=10.0, random_state=42)
2026-06-30 00:13:13,838:INFO:tune_model() successfully completed......................................
2026-06-30 00:13:13,921:INFO:Initializing predict_model()
2026-06-30 00:13:13,921:INFO:predict_model(self=<pycaret.regression.oop.RegressionExperiment object at 0x146095c00>, estimator=Ridge(alpha=10.0, random_state=42), probability_threshold=None, encoded_labels=False, raw_score=False, round=4, verbose=False, ml_usecase=None, preprocess=True, encode_labels=<function _SupervisedExperiment.predict_model.<locals>.encode_labels at 0x146087eb0>)
2026-06-30 00:13:13,921:INFO:Checking exceptions
2026-06-30 00:13:13,921:INFO:Preloading libraries
2026-06-30 00:13:13,921:INFO:Set up data.
2026-06-30 00:13:13,928:INFO:Set up index.
2026-06-30 00:13:14,036:INFO:Initializing predict_model()
2026-06-30 00:13:14,036:INFO:predict_model(self=<pycaret.regression.oop.RegressionExperiment object at 0x146095c00>, estimator=Ridge(alpha=10.0, random_state=42), probability_threshold=None, encoded_labels=False, raw_score=False, round=4, verbose=False, ml_usecase=None, preprocess=True, encode_labels=<function _SupervisedExperiment.predict_model.<locals>.encode_labels at 0x144e19090>)
2026-06-30 00:13:14,036:INFO:Checking exceptions
2026-06-30 00:13:14,036:INFO:Preloading libraries
2026-06-30 00:13:14,036:INFO:Set up data.
2026-06-30 00:13:14,042:INFO:Set up index.
2026-06-30 00:13:14,145:INFO:Initializing plot_model()
2026-06-30 00:13:14,146:INFO:plot_model(plot=residuals, fold=None, verbose=True, display=None, display_format=None, estimator=Ridge(alpha=10.0, random_state=42), feature_name=None, fit_kwargs=None, groups=None, label=False, plot_kwargs=None, save=False, scale=1, self=<pycaret.regression.oop.RegressionExperiment object at 0x146095c00>, system=True)
2026-06-30 00:13:14,146:INFO:Checking exceptions
2026-06-30 00:13:14,152:INFO:Preloading libraries
2026-06-30 00:13:14,152:INFO:Copying training dataset
2026-06-30 00:13:14,153:INFO:Plot type: residuals
2026-06-30 00:13:14,276:INFO:Fitting Model
2026-06-30 00:13:14,312:INFO:Scoring test/hold-out set
2026-06-30 00:13:14,755:INFO:Visual Rendered Successfully
2026-06-30 00:13:14,845:INFO:plot_model() successfully completed......................................
2026-06-30 00:13:14,855:INFO:Initializing create_model()
2026-06-30 00:13:14,855:INFO:create_model(self=<pycaret.regression.oop.RegressionExperiment object at 0x146095c00>, estimator=lasso, fold=None, round=4, cross_validation=True, predict=True, fit_kwargs=None, groups=None, refit=True, probability_threshold=None, experiment_custom_tags=None, verbose=False, system=True, add_to_model_list=True, metrics=None, display=None, model_only=True, return_train_score=False, error_score=0.0, kwargs={})
2026-06-30 00:13:14,855:INFO:Checking exceptions
2026-06-30 00:13:14,857:INFO:Importing libraries
2026-06-30 00:13:14,857:INFO:Copying training dataset
2026-06-30 00:13:14,876:INFO:Defining folds
2026-06-30 00:13:14,876:INFO:Declaring metric variables
2026-06-30 00:13:14,877:INFO:Importing untrained model
2026-06-30 00:13:14,877:INFO:Lasso Regression Imported successfully
2026-06-30 00:13:14,877:INFO:Starting cross validation
2026-06-30 00:13:14,878:INFO:Cross validating with KFold(n_splits=10, random_state=None, shuffle=False), n_jobs=-1
2026-06-30 00:13:14,949:INFO:Calculating mean and std
2026-06-30 00:13:14,949:INFO:Creating metrics dataframe
2026-06-30 00:13:14,951:INFO:Finalizing model
2026-06-30 00:13:14,960:INFO:Uploading results into container
2026-06-30 00:13:14,961:INFO:Uploading model into container now
2026-06-30 00:13:14,961:INFO:_master_model_container: 4
2026-06-30 00:13:14,961:INFO:_display_container: 6
2026-06-30 00:13:14,962:INFO:Lasso(random_state=42)
2026-06-30 00:13:14,962:INFO:create_model() successfully completed......................................
2026-06-30 00:13:15,041:INFO:Initializing tune_model()
2026-06-30 00:13:15,041:INFO:tune_model(estimator=Lasso(random_state=42), fold=None, round=4, n_iter=10, custom_grid={'alpha': [0.0001, 0.001, 0.01, 0.1, 1.0, 10.0]}, optimize=RMSE, custom_scorer=None, search_library=scikit-learn, search_algorithm=None, early_stopping=False, early_stopping_max_iters=10, choose_better=True, fit_kwargs=None, groups=None, return_tuner=False, verbose=False, tuner_verbose=True, return_train_score=False, kwargs={}, self=<pycaret.regression.oop.RegressionExperiment object at 0x146095c00>)
2026-06-30 00:13:15,041:INFO:Checking exceptions
2026-06-30 00:13:15,044:INFO:Copying training dataset
2026-06-30 00:13:15,047:INFO:Checking base model
2026-06-30 00:13:15,047:INFO:Base model : Lasso Regression
2026-06-30 00:13:15,048:INFO:Declaring metric variables
2026-06-30 00:13:15,048:INFO:Defining Hyperparameters
2026-06-30 00:13:15,131:INFO:custom_grid: {'actual_estimator__alpha': [0.0001, 0.001, 0.01, 0.1, 1.0, 10.0]}
2026-06-30 00:13:15,131:INFO:Tuning with n_jobs=-1
2026-06-30 00:13:15,131:INFO:Initializing RandomizedSearchCV
2026-06-30 00:13:15,171:WARNING:/Users/enrique/miniconda3/envs/regresion_env/lib/python3.10/site-packages/sklearn/linear_model/_coordinate_descent.py:678: ConvergenceWarning: Objective did not converge. You might want to increase the number of iterations, check the scale of the features or consider increasing regularisation. Duality gap: 2.497e+11, tolerance: 3.866e+08
  model = cd_fast.enet_coordinate_descent(

2026-06-30 00:13:15,171:WARNING:/Users/enrique/miniconda3/envs/regresion_env/lib/python3.10/site-packages/sklearn/linear_model/_coordinate_descent.py:678: ConvergenceWarning: Objective did not converge. You might want to increase the number of iterations, check the scale of the features or consider increasing regularisation. Duality gap: 2.654e+11, tolerance: 4.104e+08
  model = cd_fast.enet_coordinate_descent(

2026-06-30 00:13:15,183:WARNING:/Users/enrique/miniconda3/envs/regresion_env/lib/python3.10/site-packages/sklearn/linear_model/_coordinate_descent.py:678: ConvergenceWarning: Objective did not converge. You might want to increase the number of iterations, check the scale of the features or consider increasing regularisation. Duality gap: 2.148e+11, tolerance: 3.491e+08
  model = cd_fast.enet_coordinate_descent(

2026-06-30 00:13:15,186:WARNING:/Users/enrique/miniconda3/envs/regresion_env/lib/python3.10/site-packages/sklearn/linear_model/_coordinate_descent.py:678: ConvergenceWarning: Objective did not converge. You might want to increase the number of iterations, check the scale of the features or consider increasing regularisation. Duality gap: 2.571e+11, tolerance: 4.075e+08
  model = cd_fast.enet_coordinate_descent(

2026-06-30 00:13:15,188:WARNING:/Users/enrique/miniconda3/envs/regresion_env/lib/python3.10/site-packages/sklearn/linear_model/_coordinate_descent.py:678: ConvergenceWarning: Objective did not converge. You might want to increase the number of iterations, check the scale of the features or consider increasing regularisation. Duality gap: 2.679e+11, tolerance: 4.133e+08
  model = cd_fast.enet_coordinate_descent(

2026-06-30 00:13:15,192:WARNING:/Users/enrique/miniconda3/envs/regresion_env/lib/python3.10/site-packages/sklearn/linear_model/_coordinate_descent.py:678: ConvergenceWarning: Objective did not converge. You might want to increase the number of iterations, check the scale of the features or consider increasing regularisation. Duality gap: 2.330e+11, tolerance: 3.910e+08
  model = cd_fast.enet_coordinate_descent(

2026-06-30 00:13:15,199:WARNING:/Users/enrique/miniconda3/envs/regresion_env/lib/python3.10/site-packages/sklearn/linear_model/_coordinate_descent.py:678: ConvergenceWarning: Objective did not converge. You might want to increase the number of iterations, check the scale of the features or consider increasing regularisation. Duality gap: 2.620e+11, tolerance: 4.015e+08
  model = cd_fast.enet_coordinate_descent(

2026-06-30 00:13:15,199:WARNING:/Users/enrique/miniconda3/envs/regresion_env/lib/python3.10/site-packages/sklearn/linear_model/_coordinate_descent.py:678: ConvergenceWarning: Objective did not converge. You might want to increase the number of iterations, check the scale of the features or consider increasing regularisation. Duality gap: 2.240e+11, tolerance: 3.724e+08
  model = cd_fast.enet_coordinate_descent(

2026-06-30 00:13:15,201:WARNING:/Users/enrique/miniconda3/envs/regresion_env/lib/python3.10/site-packages/sklearn/linear_model/_coordinate_descent.py:678: ConvergenceWarning: Objective did not converge. You might want to increase the number of iterations, check the scale of the features or consider increasing regularisation. Duality gap: 2.429e+11, tolerance: 3.825e+08
  model = cd_fast.enet_coordinate_descent(

2026-06-30 00:13:15,202:WARNING:/Users/enrique/miniconda3/envs/regresion_env/lib/python3.10/site-packages/sklearn/linear_model/_coordinate_descent.py:678: ConvergenceWarning: Objective did not converge. You might want to increase the number of iterations, check the scale of the features or consider increasing regularisation. Duality gap: 2.559e+11, tolerance: 4.072e+08
  model = cd_fast.enet_coordinate_descent(

2026-06-30 00:13:15,210:WARNING:/Users/enrique/miniconda3/envs/regresion_env/lib/python3.10/site-packages/sklearn/linear_model/_coordinate_descent.py:678: ConvergenceWarning: Objective did not converge. You might want to increase the number of iterations, check the scale of the features or consider increasing regularisation. Duality gap: 7.722e+10, tolerance: 4.104e+08
  model = cd_fast.enet_coordinate_descent(

2026-06-30 00:13:15,224:WARNING:/Users/enrique/miniconda3/envs/regresion_env/lib/python3.10/site-packages/sklearn/linear_model/_coordinate_descent.py:678: ConvergenceWarning: Objective did not converge. You might want to increase the number of iterations, check the scale of the features or consider increasing regularisation. Duality gap: 7.140e+10, tolerance: 3.866e+08
  model = cd_fast.enet_coordinate_descent(

2026-06-30 00:13:15,226:WARNING:/Users/enrique/miniconda3/envs/regresion_env/lib/python3.10/site-packages/sklearn/linear_model/_coordinate_descent.py:678: ConvergenceWarning: Objective did not converge. You might want to increase the number of iterations, check the scale of the features or consider increasing regularisation. Duality gap: 7.666e+10, tolerance: 3.491e+08
  model = cd_fast.enet_coordinate_descent(

2026-06-30 00:13:15,229:WARNING:/Users/enrique/miniconda3/envs/regresion_env/lib/python3.10/site-packages/sklearn/linear_model/_coordinate_descent.py:678: ConvergenceWarning: Objective did not converge. You might want to increase the number of iterations, check the scale of the features or consider increasing regularisation. Duality gap: 1.564e+11, tolerance: 4.075e+08
  model = cd_fast.enet_coordinate_descent(

2026-06-30 00:13:15,232:WARNING:/Users/enrique/miniconda3/envs/regresion_env/lib/python3.10/site-packages/sklearn/linear_model/_coordinate_descent.py:678: ConvergenceWarning: Objective did not converge. You might want to increase the number of iterations, check the scale of the features or consider increasing regularisation. Duality gap: 1.404e+11, tolerance: 4.133e+08
  model = cd_fast.enet_coordinate_descent(

2026-06-30 00:13:15,237:WARNING:/Users/enrique/miniconda3/envs/regresion_env/lib/python3.10/site-packages/sklearn/linear_model/_coordinate_descent.py:678: ConvergenceWarning: Objective did not converge. You might want to increase the number of iterations, check the scale of the features or consider increasing regularisation. Duality gap: 1.201e+11, tolerance: 4.015e+08
  model = cd_fast.enet_coordinate_descent(

2026-06-30 00:13:15,240:WARNING:/Users/enrique/miniconda3/envs/regresion_env/lib/python3.10/site-packages/sklearn/linear_model/_coordinate_descent.py:678: ConvergenceWarning: Objective did not converge. You might want to increase the number of iterations, check the scale of the features or consider increasing regularisation. Duality gap: 8.864e+10, tolerance: 4.072e+08
  model = cd_fast.enet_coordinate_descent(

2026-06-30 00:13:15,241:WARNING:/Users/enrique/miniconda3/envs/regresion_env/lib/python3.10/site-packages/sklearn/linear_model/_coordinate_descent.py:678: ConvergenceWarning: Objective did not converge. You might want to increase the number of iterations, check the scale of the features or consider increasing regularisation. Duality gap: 7.198e+10, tolerance: 3.724e+08
  model = cd_fast.enet_coordinate_descent(

2026-06-30 00:13:15,249:WARNING:/Users/enrique/miniconda3/envs/regresion_env/lib/python3.10/site-packages/sklearn/linear_model/_coordinate_descent.py:678: ConvergenceWarning: Objective did not converge. You might want to increase the number of iterations, check the scale of the features or consider increasing regularisation. Duality gap: 4.174e+10, tolerance: 3.825e+08
  model = cd_fast.enet_coordinate_descent(

2026-06-30 00:13:15,264:WARNING:/Users/enrique/miniconda3/envs/regresion_env/lib/python3.10/site-packages/sklearn/linear_model/_coordinate_descent.py:678: ConvergenceWarning: Objective did not converge. You might want to increase the number of iterations, check the scale of the features or consider increasing regularisation. Duality gap: 1.027e+10, tolerance: 3.491e+08
  model = cd_fast.enet_coordinate_descent(

2026-06-30 00:13:15,274:WARNING:/Users/enrique/miniconda3/envs/regresion_env/lib/python3.10/site-packages/sklearn/linear_model/_coordinate_descent.py:678: ConvergenceWarning: Objective did not converge. You might want to increase the number of iterations, check the scale of the features or consider increasing regularisation. Duality gap: 4.825e+09, tolerance: 4.075e+08
  model = cd_fast.enet_coordinate_descent(

2026-06-30 00:13:15,275:WARNING:/Users/enrique/miniconda3/envs/regresion_env/lib/python3.10/site-packages/sklearn/linear_model/_coordinate_descent.py:678: ConvergenceWarning: Objective did not converge. You might want to increase the number of iterations, check the scale of the features or consider increasing regularisation. Duality gap: 2.821e+10, tolerance: 4.133e+08
  model = cd_fast.enet_coordinate_descent(

2026-06-30 00:13:15,280:WARNING:/Users/enrique/miniconda3/envs/regresion_env/lib/python3.10/site-packages/sklearn/linear_model/_coordinate_descent.py:678: ConvergenceWarning: Objective did not converge. You might want to increase the number of iterations, check the scale of the features or consider increasing regularisation. Duality gap: 4.934e+09, tolerance: 4.072e+08
  model = cd_fast.enet_coordinate_descent(

2026-06-30 00:13:15,280:WARNING:/Users/enrique/miniconda3/envs/regresion_env/lib/python3.10/site-packages/sklearn/linear_model/_coordinate_descent.py:678: ConvergenceWarning: Objective did not converge. You might want to increase the number of iterations, check the scale of the features or consider increasing regularisation. Duality gap: 1.498e+09, tolerance: 4.015e+08
  model = cd_fast.enet_coordinate_descent(

2026-06-30 00:13:15,315:WARNING:/Users/enrique/miniconda3/envs/regresion_env/lib/python3.10/site-packages/sklearn/linear_model/_coordinate_descent.py:678: ConvergenceWarning: Objective did not converge. You might want to increase the number of iterations, check the scale of the features or consider increasing regularisation. Duality gap: 1.879e+10, tolerance: 3.724e+08
  model = cd_fast.enet_coordinate_descent(

2026-06-30 00:13:15,368:INFO:best_params: {'actual_estimator__alpha': 10.0}
2026-06-30 00:13:15,369:INFO:Hyperparameter search completed
2026-06-30 00:13:15,369:INFO:SubProcess create_model() called ==================================
2026-06-30 00:13:15,369:INFO:Initializing create_model()
2026-06-30 00:13:15,369:INFO:create_model(self=<pycaret.regression.oop.RegressionExperiment object at 0x146095c00>, estimator=Lasso(random_state=42), fold=KFold(n_splits=10, random_state=None, shuffle=False), round=4, cross_validation=True, predict=True, fit_kwargs={}, groups=None, refit=True, probability_threshold=None, experiment_custom_tags=None, verbose=True, system=False, add_to_model_list=True, metrics=None, display=<pycaret.internal.display.display.CommonDisplay object at 0x14614a230>, model_only=True, return_train_score=False, error_score=0.0, kwargs={'alpha': 10.0})
2026-06-30 00:13:15,369:INFO:Checking exceptions
2026-06-30 00:13:15,369:INFO:Importing libraries
2026-06-30 00:13:15,369:INFO:Copying training dataset
2026-06-30 00:13:15,375:INFO:Defining folds
2026-06-30 00:13:15,375:INFO:Declaring metric variables
2026-06-30 00:13:15,375:INFO:Importing untrained model
2026-06-30 00:13:15,375:INFO:Declaring custom model
2026-06-30 00:13:15,376:INFO:Lasso Regression Imported successfully
2026-06-30 00:13:15,376:INFO:Starting cross validation
2026-06-30 00:13:15,377:INFO:Cross validating with KFold(n_splits=10, random_state=None, shuffle=False), n_jobs=-1
2026-06-30 00:13:15,457:INFO:Calculating mean and std
2026-06-30 00:13:15,457:INFO:Creating metrics dataframe
2026-06-30 00:13:15,459:INFO:Finalizing model
2026-06-30 00:13:15,469:INFO:Uploading results into container
2026-06-30 00:13:15,469:INFO:Uploading model into container now
2026-06-30 00:13:15,470:INFO:_master_model_container: 5
2026-06-30 00:13:15,470:INFO:_display_container: 7
2026-06-30 00:13:15,470:INFO:Lasso(alpha=10.0, random_state=42)
2026-06-30 00:13:15,470:INFO:create_model() successfully completed......................................
2026-06-30 00:13:15,563:INFO:SubProcess create_model() end ==================================
2026-06-30 00:13:15,563:INFO:choose_better activated
2026-06-30 00:13:15,563:INFO:SubProcess create_model() called ==================================
2026-06-30 00:13:15,564:INFO:Initializing create_model()
2026-06-30 00:13:15,564:INFO:create_model(self=<pycaret.regression.oop.RegressionExperiment object at 0x146095c00>, estimator=Lasso(random_state=42), fold=KFold(n_splits=10, random_state=None, shuffle=False), round=4, cross_validation=True, predict=True, fit_kwargs={}, groups=None, refit=True, probability_threshold=None, experiment_custom_tags=None, verbose=False, system=False, add_to_model_list=True, metrics=None, display=None, model_only=True, return_train_score=False, error_score=0.0, kwargs={})
2026-06-30 00:13:15,564:INFO:Checking exceptions
2026-06-30 00:13:15,566:INFO:Importing libraries
2026-06-30 00:13:15,566:INFO:Copying training dataset
2026-06-30 00:13:15,571:INFO:Defining folds
2026-06-30 00:13:15,571:INFO:Declaring metric variables
2026-06-30 00:13:15,572:INFO:Importing untrained model
2026-06-30 00:13:15,572:INFO:Declaring custom model
2026-06-30 00:13:15,572:INFO:Lasso Regression Imported successfully
2026-06-30 00:13:15,572:INFO:Starting cross validation
2026-06-30 00:13:15,573:INFO:Cross validating with KFold(n_splits=10, random_state=None, shuffle=False), n_jobs=-1
2026-06-30 00:13:15,643:INFO:Calculating mean and std
2026-06-30 00:13:15,643:INFO:Creating metrics dataframe
2026-06-30 00:13:15,645:INFO:Finalizing model
2026-06-30 00:13:15,654:INFO:Uploading results into container
2026-06-30 00:13:15,655:INFO:Uploading model into container now
2026-06-30 00:13:15,655:INFO:_master_model_container: 6
2026-06-30 00:13:15,655:INFO:_display_container: 8
2026-06-30 00:13:15,656:INFO:Lasso(random_state=42)
2026-06-30 00:13:15,656:INFO:create_model() successfully completed......................................
2026-06-30 00:13:15,732:INFO:SubProcess create_model() end ==================================
2026-06-30 00:13:15,732:INFO:Lasso(random_state=42) result for RMSE is 28106.1241
2026-06-30 00:13:15,732:INFO:Lasso(alpha=10.0, random_state=42) result for RMSE is 28102.9792
2026-06-30 00:13:15,733:INFO:Lasso(alpha=10.0, random_state=42) is best model
2026-06-30 00:13:15,733:INFO:choose_better completed
2026-06-30 00:13:15,733:INFO:_master_model_container: 6
2026-06-30 00:13:15,733:INFO:_display_container: 7
2026-06-30 00:13:15,733:INFO:Lasso(alpha=10.0, random_state=42)
2026-06-30 00:13:15,733:INFO:tune_model() successfully completed......................................
2026-06-30 00:13:15,814:INFO:Initializing predict_model()
2026-06-30 00:13:15,814:INFO:predict_model(self=<pycaret.regression.oop.RegressionExperiment object at 0x146095c00>, estimator=Lasso(alpha=10.0, random_state=42), probability_threshold=None, encoded_labels=False, raw_score=False, round=4, verbose=False, ml_usecase=None, preprocess=True, encode_labels=<function _SupervisedExperiment.predict_model.<locals>.encode_labels at 0x144edae60>)
2026-06-30 00:13:15,814:INFO:Checking exceptions
2026-06-30 00:13:15,814:INFO:Preloading libraries
2026-06-30 00:13:15,814:INFO:Set up data.
2026-06-30 00:13:15,822:INFO:Set up index.
2026-06-30 00:13:15,928:INFO:Initializing predict_model()
2026-06-30 00:13:15,929:INFO:predict_model(self=<pycaret.regression.oop.RegressionExperiment object at 0x146095c00>, estimator=Lasso(alpha=10.0, random_state=42), probability_threshold=None, encoded_labels=False, raw_score=False, round=4, verbose=False, ml_usecase=None, preprocess=True, encode_labels=<function _SupervisedExperiment.predict_model.<locals>.encode_labels at 0x14576ce50>)
2026-06-30 00:13:15,929:INFO:Checking exceptions
2026-06-30 00:13:15,929:INFO:Preloading libraries
2026-06-30 00:13:15,929:INFO:Set up data.
2026-06-30 00:13:15,935:INFO:Set up index.
2026-06-30 00:13:16,040:INFO:Initializing plot_model()
2026-06-30 00:13:16,041:INFO:plot_model(plot=residuals, fold=None, verbose=True, display=None, display_format=None, estimator=Lasso(alpha=10.0, random_state=42), feature_name=None, fit_kwargs=None, groups=None, label=False, plot_kwargs=None, save=False, scale=1, self=<pycaret.regression.oop.RegressionExperiment object at 0x146095c00>, system=True)
2026-06-30 00:13:16,041:INFO:Checking exceptions
2026-06-30 00:13:16,045:INFO:Preloading libraries
2026-06-30 00:13:16,046:INFO:Copying training dataset
2026-06-30 00:13:16,046:INFO:Plot type: residuals
2026-06-30 00:13:16,145:INFO:Fitting Model
2026-06-30 00:13:16,182:INFO:Scoring test/hold-out set
2026-06-30 00:13:16,516:INFO:Visual Rendered Successfully
2026-06-30 00:13:16,604:INFO:plot_model() successfully completed......................................
2026-06-30 00:13:16,612:INFO:Initializing create_model()
2026-06-30 00:13:16,612:INFO:create_model(self=<pycaret.regression.oop.RegressionExperiment object at 0x146095c00>, estimator=en, fold=None, round=4, cross_validation=True, predict=True, fit_kwargs=None, groups=None, refit=True, probability_threshold=None, experiment_custom_tags=None, verbose=False, system=True, add_to_model_list=True, metrics=None, display=None, model_only=True, return_train_score=False, error_score=0.0, kwargs={})
2026-06-30 00:13:16,612:INFO:Checking exceptions
2026-06-30 00:13:16,614:INFO:Importing libraries
2026-06-30 00:13:16,614:INFO:Copying training dataset
2026-06-30 00:13:16,622:INFO:Defining folds
2026-06-30 00:13:16,622:INFO:Declaring metric variables
2026-06-30 00:13:16,622:INFO:Importing untrained model
2026-06-30 00:13:16,622:INFO:Elastic Net Imported successfully
2026-06-30 00:13:16,623:INFO:Starting cross validation
2026-06-30 00:13:16,623:INFO:Cross validating with KFold(n_splits=10, random_state=None, shuffle=False), n_jobs=-1
2026-06-30 00:13:16,711:INFO:Calculating mean and std
2026-06-30 00:13:16,712:INFO:Creating metrics dataframe
2026-06-30 00:13:16,713:INFO:Finalizing model
2026-06-30 00:13:16,722:INFO:Uploading results into container
2026-06-30 00:13:16,722:INFO:Uploading model into container now
2026-06-30 00:13:16,723:INFO:_master_model_container: 7
2026-06-30 00:13:16,723:INFO:_display_container: 10
2026-06-30 00:13:16,723:INFO:ElasticNet(random_state=42)
2026-06-30 00:13:16,723:INFO:create_model() successfully completed......................................
2026-06-30 00:13:16,806:INFO:Initializing tune_model()
2026-06-30 00:13:16,806:INFO:tune_model(estimator=ElasticNet(random_state=42), fold=None, round=4, n_iter=10, custom_grid={'alpha': [0.001, 0.01, 0.1, 1.0], 'l1_ratio': [0.2, 0.5, 0.8]}, optimize=RMSE, custom_scorer=None, search_library=scikit-learn, search_algorithm=None, early_stopping=False, early_stopping_max_iters=10, choose_better=True, fit_kwargs=None, groups=None, return_tuner=False, verbose=False, tuner_verbose=True, return_train_score=False, kwargs={}, self=<pycaret.regression.oop.RegressionExperiment object at 0x146095c00>)
2026-06-30 00:13:16,806:INFO:Checking exceptions
2026-06-30 00:13:16,809:INFO:Copying training dataset
2026-06-30 00:13:16,813:INFO:Checking base model
2026-06-30 00:13:16,813:INFO:Base model : Elastic Net
2026-06-30 00:13:16,813:INFO:Declaring metric variables
2026-06-30 00:13:16,813:INFO:Defining Hyperparameters
2026-06-30 00:13:16,897:INFO:custom_grid: {'actual_estimator__alpha': [0.001, 0.01, 0.1, 1.0], 'actual_estimator__l1_ratio': [0.2, 0.5, 0.8]}
2026-06-30 00:13:16,897:INFO:Tuning with n_jobs=-1
2026-06-30 00:13:16,897:INFO:Initializing RandomizedSearchCV
2026-06-30 00:13:16,935:WARNING:/Users/enrique/miniconda3/envs/regresion_env/lib/python3.10/site-packages/sklearn/linear_model/_coordinate_descent.py:678: ConvergenceWarning: Objective did not converge. You might want to increase the number of iterations, check the scale of the features or consider increasing regularisation. Duality gap: 9.834e+10, tolerance: 4.104e+08
  model = cd_fast.enet_coordinate_descent(

2026-06-30 00:13:16,938:WARNING:/Users/enrique/miniconda3/envs/regresion_env/lib/python3.10/site-packages/sklearn/linear_model/_coordinate_descent.py:678: ConvergenceWarning: Objective did not converge. You might want to increase the number of iterations, check the scale of the features or consider increasing regularisation. Duality gap: 1.471e+11, tolerance: 3.866e+08
  model = cd_fast.enet_coordinate_descent(

2026-06-30 00:13:16,942:WARNING:/Users/enrique/miniconda3/envs/regresion_env/lib/python3.10/site-packages/sklearn/linear_model/_coordinate_descent.py:678: ConvergenceWarning: Objective did not converge. You might want to increase the number of iterations, check the scale of the features or consider increasing regularisation. Duality gap: 1.425e+11, tolerance: 3.491e+08
  model = cd_fast.enet_coordinate_descent(

2026-06-30 00:13:16,946:WARNING:/Users/enrique/miniconda3/envs/regresion_env/lib/python3.10/site-packages/sklearn/linear_model/_coordinate_descent.py:678: ConvergenceWarning: Objective did not converge. You might want to increase the number of iterations, check the scale of the features or consider increasing regularisation. Duality gap: 1.661e+11, tolerance: 4.075e+08
  model = cd_fast.enet_coordinate_descent(

2026-06-30 00:13:16,952:WARNING:/Users/enrique/miniconda3/envs/regresion_env/lib/python3.10/site-packages/sklearn/linear_model/_coordinate_descent.py:678: ConvergenceWarning: Objective did not converge. You might want to increase the number of iterations, check the scale of the features or consider increasing regularisation. Duality gap: 2.221e+11, tolerance: 4.133e+08
  model = cd_fast.enet_coordinate_descent(

2026-06-30 00:13:16,955:WARNING:/Users/enrique/miniconda3/envs/regresion_env/lib/python3.10/site-packages/sklearn/linear_model/_coordinate_descent.py:678: ConvergenceWarning: Objective did not converge. You might want to increase the number of iterations, check the scale of the features or consider increasing regularisation. Duality gap: 1.241e+11, tolerance: 3.910e+08
  model = cd_fast.enet_coordinate_descent(

2026-06-30 00:13:16,963:WARNING:/Users/enrique/miniconda3/envs/regresion_env/lib/python3.10/site-packages/sklearn/linear_model/_coordinate_descent.py:678: ConvergenceWarning: Objective did not converge. You might want to increase the number of iterations, check the scale of the features or consider increasing regularisation. Duality gap: 1.716e+11, tolerance: 4.015e+08
  model = cd_fast.enet_coordinate_descent(

2026-06-30 00:13:16,965:WARNING:/Users/enrique/miniconda3/envs/regresion_env/lib/python3.10/site-packages/sklearn/linear_model/_coordinate_descent.py:678: ConvergenceWarning: Objective did not converge. You might want to increase the number of iterations, check the scale of the features or consider increasing regularisation. Duality gap: 1.271e+11, tolerance: 3.724e+08
  model = cd_fast.enet_coordinate_descent(

2026-06-30 00:13:16,968:WARNING:/Users/enrique/miniconda3/envs/regresion_env/lib/python3.10/site-packages/sklearn/linear_model/_coordinate_descent.py:678: ConvergenceWarning: Objective did not converge. You might want to increase the number of iterations, check the scale of the features or consider increasing regularisation. Duality gap: 1.996e+11, tolerance: 4.072e+08
  model = cd_fast.enet_coordinate_descent(

2026-06-30 00:13:16,978:WARNING:/Users/enrique/miniconda3/envs/regresion_env/lib/python3.10/site-packages/sklearn/linear_model/_coordinate_descent.py:678: ConvergenceWarning: Objective did not converge. You might want to increase the number of iterations, check the scale of the features or consider increasing regularisation. Duality gap: 9.885e+10, tolerance: 3.825e+08
  model = cd_fast.enet_coordinate_descent(

2026-06-30 00:13:16,989:WARNING:/Users/enrique/miniconda3/envs/regresion_env/lib/python3.10/site-packages/sklearn/linear_model/_coordinate_descent.py:678: ConvergenceWarning: Objective did not converge. You might want to increase the number of iterations, check the scale of the features or consider increasing regularisation. Duality gap: 8.261e+10, tolerance: 4.104e+08
  model = cd_fast.enet_coordinate_descent(

2026-06-30 00:13:16,998:WARNING:/Users/enrique/miniconda3/envs/regresion_env/lib/python3.10/site-packages/sklearn/linear_model/_coordinate_descent.py:678: ConvergenceWarning: Objective did not converge. You might want to increase the number of iterations, check the scale of the features or consider increasing regularisation. Duality gap: 1.697e+11, tolerance: 3.866e+08
  model = cd_fast.enet_coordinate_descent(

2026-06-30 00:13:17,001:WARNING:/Users/enrique/miniconda3/envs/regresion_env/lib/python3.10/site-packages/sklearn/linear_model/_coordinate_descent.py:678: ConvergenceWarning: Objective did not converge. You might want to increase the number of iterations, check the scale of the features or consider increasing regularisation. Duality gap: 1.233e+11, tolerance: 3.491e+08
  model = cd_fast.enet_coordinate_descent(

2026-06-30 00:13:17,002:WARNING:/Users/enrique/miniconda3/envs/regresion_env/lib/python3.10/site-packages/sklearn/linear_model/_coordinate_descent.py:678: ConvergenceWarning: Objective did not converge. You might want to increase the number of iterations, check the scale of the features or consider increasing regularisation. Duality gap: 8.300e+10, tolerance: 4.075e+08
  model = cd_fast.enet_coordinate_descent(

2026-06-30 00:13:17,006:WARNING:/Users/enrique/miniconda3/envs/regresion_env/lib/python3.10/site-packages/sklearn/linear_model/_coordinate_descent.py:678: ConvergenceWarning: Objective did not converge. You might want to increase the number of iterations, check the scale of the features or consider increasing regularisation. Duality gap: 1.376e+11, tolerance: 4.133e+08
  model = cd_fast.enet_coordinate_descent(

2026-06-30 00:13:17,011:WARNING:/Users/enrique/miniconda3/envs/regresion_env/lib/python3.10/site-packages/sklearn/linear_model/_coordinate_descent.py:678: ConvergenceWarning: Objective did not converge. You might want to increase the number of iterations, check the scale of the features or consider increasing regularisation. Duality gap: 7.049e+10, tolerance: 4.015e+08
  model = cd_fast.enet_coordinate_descent(

2026-06-30 00:13:17,018:WARNING:/Users/enrique/miniconda3/envs/regresion_env/lib/python3.10/site-packages/sklearn/linear_model/_coordinate_descent.py:678: ConvergenceWarning: Objective did not converge. You might want to increase the number of iterations, check the scale of the features or consider increasing regularisation. Duality gap: 1.077e+11, tolerance: 3.724e+08
  model = cd_fast.enet_coordinate_descent(

2026-06-30 00:13:17,020:WARNING:/Users/enrique/miniconda3/envs/regresion_env/lib/python3.10/site-packages/sklearn/linear_model/_coordinate_descent.py:678: ConvergenceWarning: Objective did not converge. You might want to increase the number of iterations, check the scale of the features or consider increasing regularisation. Duality gap: 1.448e+11, tolerance: 4.072e+08
  model = cd_fast.enet_coordinate_descent(

2026-06-30 00:13:17,026:WARNING:/Users/enrique/miniconda3/envs/regresion_env/lib/python3.10/site-packages/sklearn/linear_model/_coordinate_descent.py:678: ConvergenceWarning: Objective did not converge. You might want to increase the number of iterations, check the scale of the features or consider increasing regularisation. Duality gap: 1.016e+11, tolerance: 3.825e+08
  model = cd_fast.enet_coordinate_descent(

2026-06-30 00:13:17,029:WARNING:/Users/enrique/miniconda3/envs/regresion_env/lib/python3.10/site-packages/sklearn/linear_model/_coordinate_descent.py:678: ConvergenceWarning: Objective did not converge. You might want to increase the number of iterations, check the scale of the features or consider increasing regularisation. Duality gap: 9.432e+10, tolerance: 4.104e+08
  model = cd_fast.enet_coordinate_descent(

2026-06-30 00:13:17,033:WARNING:/Users/enrique/miniconda3/envs/regresion_env/lib/python3.10/site-packages/sklearn/linear_model/_coordinate_descent.py:678: ConvergenceWarning: Objective did not converge. You might want to increase the number of iterations, check the scale of the features or consider increasing regularisation. Duality gap: 8.825e+10, tolerance: 3.866e+08
  model = cd_fast.enet_coordinate_descent(

2026-06-30 00:13:17,036:WARNING:/Users/enrique/miniconda3/envs/regresion_env/lib/python3.10/site-packages/sklearn/linear_model/_coordinate_descent.py:678: ConvergenceWarning: Objective did not converge. You might want to increase the number of iterations, check the scale of the features or consider increasing regularisation. Duality gap: 5.987e+10, tolerance: 3.491e+08
  model = cd_fast.enet_coordinate_descent(

2026-06-30 00:13:17,038:WARNING:/Users/enrique/miniconda3/envs/regresion_env/lib/python3.10/site-packages/sklearn/linear_model/_coordinate_descent.py:678: ConvergenceWarning: Objective did not converge. You might want to increase the number of iterations, check the scale of the features or consider increasing regularisation. Duality gap: 7.469e+10, tolerance: 4.075e+08
  model = cd_fast.enet_coordinate_descent(

2026-06-30 00:13:17,054:WARNING:/Users/enrique/miniconda3/envs/regresion_env/lib/python3.10/site-packages/sklearn/linear_model/_coordinate_descent.py:678: ConvergenceWarning: Objective did not converge. You might want to increase the number of iterations, check the scale of the features or consider increasing regularisation. Duality gap: 8.131e+10, tolerance: 4.133e+08
  model = cd_fast.enet_coordinate_descent(

2026-06-30 00:13:17,063:WARNING:/Users/enrique/miniconda3/envs/regresion_env/lib/python3.10/site-packages/sklearn/linear_model/_coordinate_descent.py:678: ConvergenceWarning: Objective did not converge. You might want to increase the number of iterations, check the scale of the features or consider increasing regularisation. Duality gap: 4.859e+10, tolerance: 4.015e+08
  model = cd_fast.enet_coordinate_descent(

2026-06-30 00:13:17,068:WARNING:/Users/enrique/miniconda3/envs/regresion_env/lib/python3.10/site-packages/sklearn/linear_model/_coordinate_descent.py:678: ConvergenceWarning: Objective did not converge. You might want to increase the number of iterations, check the scale of the features or consider increasing regularisation. Duality gap: 6.056e+10, tolerance: 4.072e+08
  model = cd_fast.enet_coordinate_descent(

2026-06-30 00:13:17,071:WARNING:/Users/enrique/miniconda3/envs/regresion_env/lib/python3.10/site-packages/sklearn/linear_model/_coordinate_descent.py:678: ConvergenceWarning: Objective did not converge. You might want to increase the number of iterations, check the scale of the features or consider increasing regularisation. Duality gap: 1.108e+10, tolerance: 3.491e+08
  model = cd_fast.enet_coordinate_descent(

2026-06-30 00:13:17,078:WARNING:/Users/enrique/miniconda3/envs/regresion_env/lib/python3.10/site-packages/sklearn/linear_model/_coordinate_descent.py:678: ConvergenceWarning: Objective did not converge. You might want to increase the number of iterations, check the scale of the features or consider increasing regularisation. Duality gap: 3.591e+10, tolerance: 4.133e+08
  model = cd_fast.enet_coordinate_descent(

2026-06-30 00:13:17,081:WARNING:/Users/enrique/miniconda3/envs/regresion_env/lib/python3.10/site-packages/sklearn/linear_model/_coordinate_descent.py:678: ConvergenceWarning: Objective did not converge. You might want to increase the number of iterations, check the scale of the features or consider increasing regularisation. Duality gap: 2.008e+10, tolerance: 4.015e+08
  model = cd_fast.enet_coordinate_descent(

2026-06-30 00:13:17,085:WARNING:/Users/enrique/miniconda3/envs/regresion_env/lib/python3.10/site-packages/sklearn/linear_model/_coordinate_descent.py:678: ConvergenceWarning: Objective did not converge. You might want to increase the number of iterations, check the scale of the features or consider increasing regularisation. Duality gap: 2.564e+10, tolerance: 4.072e+08
  model = cd_fast.enet_coordinate_descent(

2026-06-30 00:13:17,088:WARNING:/Users/enrique/miniconda3/envs/regresion_env/lib/python3.10/site-packages/sklearn/linear_model/_coordinate_descent.py:678: ConvergenceWarning: Objective did not converge. You might want to increase the number of iterations, check the scale of the features or consider increasing regularisation. Duality gap: 5.952e+09, tolerance: 4.104e+08
  model = cd_fast.enet_coordinate_descent(

2026-06-30 00:13:17,095:WARNING:/Users/enrique/miniconda3/envs/regresion_env/lib/python3.10/site-packages/sklearn/linear_model/_coordinate_descent.py:678: ConvergenceWarning: Objective did not converge. You might want to increase the number of iterations, check the scale of the features or consider increasing regularisation. Duality gap: 5.718e+09, tolerance: 3.491e+08
  model = cd_fast.enet_coordinate_descent(

2026-06-30 00:13:17,098:WARNING:/Users/enrique/miniconda3/envs/regresion_env/lib/python3.10/site-packages/sklearn/linear_model/_coordinate_descent.py:678: ConvergenceWarning: Objective did not converge. You might want to increase the number of iterations, check the scale of the features or consider increasing regularisation. Duality gap: 2.070e+10, tolerance: 3.910e+08
  model = cd_fast.enet_coordinate_descent(

2026-06-30 00:13:17,102:WARNING:/Users/enrique/miniconda3/envs/regresion_env/lib/python3.10/site-packages/sklearn/linear_model/_coordinate_descent.py:678: ConvergenceWarning: Objective did not converge. You might want to increase the number of iterations, check the scale of the features or consider increasing regularisation. Duality gap: 1.993e+10, tolerance: 4.133e+08
  model = cd_fast.enet_coordinate_descent(

2026-06-30 00:13:17,107:WARNING:/Users/enrique/miniconda3/envs/regresion_env/lib/python3.10/site-packages/sklearn/linear_model/_coordinate_descent.py:678: ConvergenceWarning: Objective did not converge. You might want to increase the number of iterations, check the scale of the features or consider increasing regularisation. Duality gap: 5.186e+10, tolerance: 3.724e+08
  model = cd_fast.enet_coordinate_descent(

2026-06-30 00:13:17,109:WARNING:/Users/enrique/miniconda3/envs/regresion_env/lib/python3.10/site-packages/sklearn/linear_model/_coordinate_descent.py:678: ConvergenceWarning: Objective did not converge. You might want to increase the number of iterations, check the scale of the features or consider increasing regularisation. Duality gap: 1.059e+11, tolerance: 3.825e+08
  model = cd_fast.enet_coordinate_descent(

2026-06-30 00:13:17,112:WARNING:/Users/enrique/miniconda3/envs/regresion_env/lib/python3.10/site-packages/sklearn/linear_model/_coordinate_descent.py:678: ConvergenceWarning: Objective did not converge. You might want to increase the number of iterations, check the scale of the features or consider increasing regularisation. Duality gap: 7.760e+09, tolerance: 4.075e+08
  model = cd_fast.enet_coordinate_descent(

2026-06-30 00:13:17,112:WARNING:/Users/enrique/miniconda3/envs/regresion_env/lib/python3.10/site-packages/sklearn/linear_model/_coordinate_descent.py:678: ConvergenceWarning: Objective did not converge. You might want to increase the number of iterations, check the scale of the features or consider increasing regularisation. Duality gap: 9.823e+09, tolerance: 4.015e+08
  model = cd_fast.enet_coordinate_descent(

2026-06-30 00:13:17,122:WARNING:/Users/enrique/miniconda3/envs/regresion_env/lib/python3.10/site-packages/sklearn/linear_model/_coordinate_descent.py:678: ConvergenceWarning: Objective did not converge. You might want to increase the number of iterations, check the scale of the features or consider increasing regularisation. Duality gap: 2.189e+10, tolerance: 3.724e+08
  model = cd_fast.enet_coordinate_descent(

2026-06-30 00:13:17,125:WARNING:/Users/enrique/miniconda3/envs/regresion_env/lib/python3.10/site-packages/sklearn/linear_model/_coordinate_descent.py:678: ConvergenceWarning: Objective did not converge. You might want to increase the number of iterations, check the scale of the features or consider increasing regularisation. Duality gap: 3.968e+10, tolerance: 3.825e+08
  model = cd_fast.enet_coordinate_descent(

2026-06-30 00:13:17,130:WARNING:/Users/enrique/miniconda3/envs/regresion_env/lib/python3.10/site-packages/sklearn/linear_model/_coordinate_descent.py:678: ConvergenceWarning: Objective did not converge. You might want to increase the number of iterations, check the scale of the features or consider increasing regularisation. Duality gap: 5.035e+09, tolerance: 3.866e+08
  model = cd_fast.enet_coordinate_descent(

2026-06-30 00:13:17,136:WARNING:/Users/enrique/miniconda3/envs/regresion_env/lib/python3.10/site-packages/sklearn/linear_model/_coordinate_descent.py:678: ConvergenceWarning: Objective did not converge. You might want to increase the number of iterations, check the scale of the features or consider increasing regularisation. Duality gap: 8.700e+09, tolerance: 4.075e+08
  model = cd_fast.enet_coordinate_descent(

2026-06-30 00:13:17,139:WARNING:/Users/enrique/miniconda3/envs/regresion_env/lib/python3.10/site-packages/sklearn/linear_model/_coordinate_descent.py:678: ConvergenceWarning: Objective did not converge. You might want to increase the number of iterations, check the scale of the features or consider increasing regularisation. Duality gap: 8.402e+09, tolerance: 3.910e+08
  model = cd_fast.enet_coordinate_descent(

2026-06-30 00:13:17,139:WARNING:/Users/enrique/miniconda3/envs/regresion_env/lib/python3.10/site-packages/sklearn/linear_model/_coordinate_descent.py:678: ConvergenceWarning: Objective did not converge. You might want to increase the number of iterations, check the scale of the features or consider increasing regularisation. Duality gap: 4.686e+09, tolerance: 4.072e+08
  model = cd_fast.enet_coordinate_descent(

2026-06-30 00:13:17,310:INFO:best_params: {'actual_estimator__l1_ratio': 0.5, 'actual_estimator__alpha': 0.1}
2026-06-30 00:13:17,310:INFO:Hyperparameter search completed
2026-06-30 00:13:17,310:INFO:SubProcess create_model() called ==================================
2026-06-30 00:13:17,310:INFO:Initializing create_model()
2026-06-30 00:13:17,310:INFO:create_model(self=<pycaret.regression.oop.RegressionExperiment object at 0x146095c00>, estimator=ElasticNet(random_state=42), fold=KFold(n_splits=10, random_state=None, shuffle=False), round=4, cross_validation=True, predict=True, fit_kwargs={}, groups=None, refit=True, probability_threshold=None, experiment_custom_tags=None, verbose=True, system=False, add_to_model_list=True, metrics=None, display=<pycaret.internal.display.display.CommonDisplay object at 0x1459e1480>, model_only=True, return_train_score=False, error_score=0.0, kwargs={'l1_ratio': 0.5, 'alpha': 0.1})
2026-06-30 00:13:17,310:INFO:Checking exceptions
2026-06-30 00:13:17,310:INFO:Importing libraries
2026-06-30 00:13:17,310:INFO:Copying training dataset
2026-06-30 00:13:17,316:INFO:Defining folds
2026-06-30 00:13:17,316:INFO:Declaring metric variables
2026-06-30 00:13:17,316:INFO:Importing untrained model
2026-06-30 00:13:17,316:INFO:Declaring custom model
2026-06-30 00:13:17,317:INFO:Elastic Net Imported successfully
2026-06-30 00:13:17,317:INFO:Starting cross validation
2026-06-30 00:13:17,318:INFO:Cross validating with KFold(n_splits=10, random_state=None, shuffle=False), n_jobs=-1
2026-06-30 00:13:17,399:INFO:Calculating mean and std
2026-06-30 00:13:17,400:INFO:Creating metrics dataframe
2026-06-30 00:13:17,401:INFO:Finalizing model
2026-06-30 00:13:17,411:INFO:Uploading results into container
2026-06-30 00:13:17,411:INFO:Uploading model into container now
2026-06-30 00:13:17,411:INFO:_master_model_container: 8
2026-06-30 00:13:17,412:INFO:_display_container: 11
2026-06-30 00:13:17,412:INFO:ElasticNet(alpha=0.1, random_state=42)
2026-06-30 00:13:17,412:INFO:create_model() successfully completed......................................
2026-06-30 00:13:17,495:INFO:SubProcess create_model() end ==================================
2026-06-30 00:13:17,495:INFO:choose_better activated
2026-06-30 00:13:17,495:INFO:SubProcess create_model() called ==================================
2026-06-30 00:13:17,496:INFO:Initializing create_model()
2026-06-30 00:13:17,496:INFO:create_model(self=<pycaret.regression.oop.RegressionExperiment object at 0x146095c00>, estimator=ElasticNet(random_state=42), fold=KFold(n_splits=10, random_state=None, shuffle=False), round=4, cross_validation=True, predict=True, fit_kwargs={}, groups=None, refit=True, probability_threshold=None, experiment_custom_tags=None, verbose=False, system=False, add_to_model_list=True, metrics=None, display=None, model_only=True, return_train_score=False, error_score=0.0, kwargs={})
2026-06-30 00:13:17,496:INFO:Checking exceptions
2026-06-30 00:13:17,498:INFO:Importing libraries
2026-06-30 00:13:17,498:INFO:Copying training dataset
2026-06-30 00:13:17,503:INFO:Defining folds
2026-06-30 00:13:17,504:INFO:Declaring metric variables
2026-06-30 00:13:17,504:INFO:Importing untrained model
2026-06-30 00:13:17,504:INFO:Declaring custom model
2026-06-30 00:13:17,504:INFO:Elastic Net Imported successfully
2026-06-30 00:13:17,505:INFO:Starting cross validation
2026-06-30 00:13:17,505:INFO:Cross validating with KFold(n_splits=10, random_state=None, shuffle=False), n_jobs=-1
2026-06-30 00:13:17,588:INFO:Calculating mean and std
2026-06-30 00:13:17,588:INFO:Creating metrics dataframe
2026-06-30 00:13:17,590:INFO:Finalizing model
2026-06-30 00:13:17,599:INFO:Uploading results into container
2026-06-30 00:13:17,600:INFO:Uploading model into container now
2026-06-30 00:13:17,600:INFO:_master_model_container: 9
2026-06-30 00:13:17,600:INFO:_display_container: 12
2026-06-30 00:13:17,601:INFO:ElasticNet(random_state=42)
2026-06-30 00:13:17,601:INFO:create_model() successfully completed......................................
2026-06-30 00:13:17,681:INFO:SubProcess create_model() end ==================================
2026-06-30 00:13:17,681:INFO:ElasticNet(random_state=42) result for RMSE is 30312.1119
2026-06-30 00:13:17,682:INFO:ElasticNet(alpha=0.1, random_state=42) result for RMSE is 27988.9178
2026-06-30 00:13:17,682:INFO:ElasticNet(alpha=0.1, random_state=42) is best model
2026-06-30 00:13:17,682:INFO:choose_better completed
2026-06-30 00:13:17,683:INFO:_master_model_container: 9
2026-06-30 00:13:17,683:INFO:_display_container: 11
2026-06-30 00:13:17,683:INFO:ElasticNet(alpha=0.1, random_state=42)
2026-06-30 00:13:17,683:INFO:tune_model() successfully completed......................................
2026-06-30 00:13:17,767:INFO:Initializing predict_model()
2026-06-30 00:13:17,767:INFO:predict_model(self=<pycaret.regression.oop.RegressionExperiment object at 0x146095c00>, estimator=ElasticNet(alpha=0.1, random_state=42), probability_threshold=None, encoded_labels=False, raw_score=False, round=4, verbose=False, ml_usecase=None, preprocess=True, encode_labels=<function _SupervisedExperiment.predict_model.<locals>.encode_labels at 0x14430f1c0>)
2026-06-30 00:13:17,767:INFO:Checking exceptions
2026-06-30 00:13:17,767:INFO:Preloading libraries
2026-06-30 00:13:17,768:INFO:Set up data.
2026-06-30 00:13:17,774:INFO:Set up index.
2026-06-30 00:13:17,901:INFO:Initializing predict_model()
2026-06-30 00:13:17,901:INFO:predict_model(self=<pycaret.regression.oop.RegressionExperiment object at 0x146095c00>, estimator=ElasticNet(alpha=0.1, random_state=42), probability_threshold=None, encoded_labels=False, raw_score=False, round=4, verbose=False, ml_usecase=None, preprocess=True, encode_labels=<function _SupervisedExperiment.predict_model.<locals>.encode_labels at 0x14430f1c0>)
2026-06-30 00:13:17,901:INFO:Checking exceptions
2026-06-30 00:13:17,901:INFO:Preloading libraries
2026-06-30 00:13:17,901:INFO:Set up data.
2026-06-30 00:13:17,909:INFO:Set up index.
2026-06-30 00:13:18,024:INFO:Initializing plot_model()
2026-06-30 00:13:18,024:INFO:plot_model(plot=residuals, fold=None, verbose=True, display=None, display_format=None, estimator=ElasticNet(alpha=0.1, random_state=42), feature_name=None, fit_kwargs=None, groups=None, label=False, plot_kwargs=None, save=False, scale=1, self=<pycaret.regression.oop.RegressionExperiment object at 0x146095c00>, system=True)
2026-06-30 00:13:18,025:INFO:Checking exceptions
2026-06-30 00:13:18,029:INFO:Preloading libraries
2026-06-30 00:13:18,030:INFO:Copying training dataset
2026-06-30 00:13:18,030:INFO:Plot type: residuals
2026-06-30 00:13:18,132:INFO:Fitting Model
2026-06-30 00:13:18,176:INFO:Scoring test/hold-out set
2026-06-30 00:13:18,518:INFO:Visual Rendered Successfully
2026-06-30 00:13:18,608:INFO:plot_model() successfully completed......................................
